Customer_ID,Recency,Frequency,Monetary,F_Score,M_Score,R_Score,RFM_Segment,Segment_Name
12346,528,2,169.36,1,1,1,111,Lost
12347,1,8,4921.53,3,5,5,535,Champions
12348,74,5,1658.3999999999999,3,4,3,334,Regular
12349,18,3,3678.69,2,5,5,525,New
12350,309,1,294.4,1,2,2,212,Lost
12351,374,1,300.93,1,2,2,212,Lost
12352,35,9,1729.54,4,4,4,444,Champions
12353,203,2,406.76,1,2,2,212,Lost
12354,231,1,1079.4,1,3,2,213,Regular
12355,213,2,947.61,1,3,2,213,Regular
12356,22,6,5611.73,3,5,4,435,Champions
12357,32,2,17437.66,1,5,4,415,New
12358,1,5,3447.07,3,5,5,535,Champions
12359,57,10,8873.39,4,5,4,445,Champions
12360,51,6,3612.89,3,5,4,435,Champions
12361,286,4,451.25,2,2,2,222,Lost
12362,2,10,4737.23,4,5,5,545,Champions
12363,109,2,552.0,1,2,3,312,Regular
12364,7,4,1208.1,2,4,5,524,New
12365,290,1,320.69,1,2,2,212,Lost
12366,633,1,500.24,1,2,1,112,Lost
12367,3,1,150.9,1,1,5,511,New
12368,627,1,917.6999999999999,1,3,1,113,Regular
12369,412,3,1511.15,2,4,1,124,Regular
12370,50,7,3956.56,3,5,4,435,Champions
12371,59,4,3347.38,2,5,3,325,Regular
12372,71,3,1196.04,2,3,3,323,Regular
12373,310,3,927.6500000000001,2,3,2,223,Regular
12374,24,3,2669.22,2,4,4,424,New
12375,10,2,377.5,1,2,5,512,New
12376,389,2,383.15,1,2,2,212,Lost
12377,314,4,3266.32,2,5,2,225,Regular
12378,129,2,5416.32,1,5,3,315,Regular
12379,81,4,1470.22,2,4,3,324,Regular
12380,21,8,7210.65,3,5,4,435,Champions
12381,4,3,1474.81,2,4,5,524,New
12383,184,5,1628.56,3,4,3,334,Regular
12384,28,2,425.27000000000004,1,2,4,412,New
12385,378,1,1668.4,1,4,2,214,Regular
12386,337,2,401.9,1,2,2,212,Lost
12387,414,1,143.94,1,1,1,111,Lost
12388,15,8,3901.11,3,5,5,535,Champions
12389,402,3,1433.33,2,4,2,224,Regular
12390,79,1,504.84000000000003,1,2,3,312,Regular
12391,21,6,2724.84,3,4,4,434,Champions
12392,590,1,234.75000000000003,1,1,1,111,Lost
12393,71,6,2399.4500000000003,3,4,3,334,Regular
12394,63,2,1080.48,1,3,3,313,Regular
12395,18,15,4241.17,4,5,5,545,Champions
12396,673,1,931.43,1,3,1,113,Regular
12397,35,2,2214.9,1,4,4,414,New
12398,45,1,1435.66,1,4,4,414,New
12399,118,7,1842.3,3,4,3,334,Regular
12400,413,1,205.25,1,1,1,111,Lost
12401,302,1,69.3,1,1,2,211,Lost
12402,322,6,1136.9,3,3,2,233,At Risk
12403,49,2,947.36,1,3,4,413,New
12405,148,1,1390.39,1,4,3,314,Regular
12406,21,5,6390.36,3,5,4,435,Champions
12407,49,5,1507.1200000000001,3,4,4,434,Champions
12408,32,8,3905.77,3,5,4,435,Champions
12409,78,7,23419.29,3,5,3,335,Regular
12410,308,3,773.71,2,3,2,223,Regular
12411,409,1,346.9,1,2,1,112,Lost
12412,74,6,2404.93,3,4,3,334,Regular
12413,66,4,871.45,2,3,3,323,Regular
12414,216,4,532.41,2,2,2,222,Lost
12415,23,24,144033.37,4,5,4,445,Champions
12416,656,1,202.56,1,1,1,111,Lost
12417,2,20,5998.41,4,5,5,545,Champions
12418,112,4,2021.2,2,4,3,324,Regular
12419,385,2,391.01,1,2,2,212,Lost
12420,63,1,600.39,1,2,3,312,Regular
12421,15,6,874.6,3,3,5,533,Regular
12422,95,12,3639.35,4,5,3,345,Regular
12423,0,10,2301.39,4,4,5,544,Champions
12424,162,4,3340.03,2,5,3,325,Regular
12425,77,2,1741.41,1,4,3,314,Regular
12426,194,2,1201.21,1,3,2,213,Regular
12427,21,3,699.8,2,3,4,423,New
12428,25,8,6405.26,3,5,4,435,Champions
12429,8,8,5842.41,3,5,5,535,Champions
12430,42,1,216.4,1,1,4,411,New
12431,35,25,10102.22,4,5,4,445,Champions
12432,42,4,4359.32,2,5,4,425,New
12433,0,10,16794.14,4,5,5,545,Champions
12434,84,3,1103.43,2,3,3,323,Regular
12435,79,6,13925.93,3,5,3,335,Regular
12436,99,1,429.01000000000005,1,2,3,312,Regular
12437,1,38,11282.4,4,5,5,545,Champions
12438,13,2,2466.85,1,4,5,514,New
12439,682,2,1142.88,1,3,1,113,Regular
12440,461,2,739.2,1,3,1,113,Regular
12441,366,1,155.55,1,1,2,211,Lost
12442,2,1,144.06,1,1,5,511,New
12443,731,1,365.31,1,2,1,112,Lost
12444,20,5,4085.46,3,5,4,435,Champions
12445,21,2,378.98,1,2,4,412,New
12446,57,1,1002.3100000000001,1,3,4,413,New
12447,242,1,431.49,1,2,2,212,Lost
12448,43,1,365.45,1,2,4,412,New
12449,21,5,4274.89,3,5,4,435,Champions
12450,155,5,688.2,3,3,3,333,Regular
12451,10,8,12629.88,3,5,5,535,Champions
12452,16,1,348.57,1,2,5,512,New
12453,133,1,707.09,1,3,3,313,Regular
12454,55,4,16459.78,2,5,4,425,New
12455,72,9,5722.95,4,5,3,345,Regular
12456,43,3,2581.04,2,4,4,424,New
12457,65,7,2555.91,3,4,3,334,Regular
12458,70,4,1502.49,2,4,3,324,Regular
12459,604,1,398.36,1,2,1,112,Lost
12460,455,1,296.65,1,2,1,112,Lost
12461,154,1,626.88,1,3,3,313,Regular
12462,18,2,937.59,1,3,5,513,New
12463,52,4,1200.78,2,3,4,423,New
12464,9,8,957.05,3,3,5,533,Regular
12465,16,2,682.1899999999999,1,3,5,513,New
12467,422,1,132.8,1,1,1,111,Lost
12468,187,5,3238.74,3,5,2,235,At Risk
12469,522,2,3070.54,1,5,1,115,Regular
12470,689,1,211.95,1,1,1,111,Lost
12471,1,71,35099.9,4,5,5,545,Champions
12472,31,19,14971.289999999999,4,5,4,445,Champions
12473,53,3,2585.73,2,4,4,424,New
12474,16,29,11310.75,4,5,5,545,Champions
12475,53,2,1065.64,1,3,4,413,New
12476,15,18,12319.91,4,5,5,545,Champions
12477,22,9,20276.37,4,5,4,445,Champions
12478,3,1,545.99,1,2,5,512,New
12479,10,1,473.2,1,2,5,512,New
12480,27,7,4834.85,3,5,4,435,Champions
12481,22,14,11033.51,4,5,4,445,Champions
12482,575,27,21941.72,4,5,1,145,At Risk
12483,16,19,4069.1800000000003,4,5,5,545,Champions
12484,34,9,5557.1,4,5,4,445,Champions
12485,528,1,708.1,1,3,1,113,Regular
12486,431,1,917.28,1,3,1,113,Regular
12487,730,1,285.29999999999995,1,2,1,112,Lost
12488,9,3,1244.66,2,4,5,524,New
12489,335,1,298.93,1,2,2,212,Lost
12490,4,20,8764.64,4,5,5,545,Champions
12491,38,1,424.40000000000003,1,2,4,412,New
12492,62,3,607.21,2,3,3,323,Regular
12493,165,2,379.74,1,2,3,312,Regular
12494,15,9,1563.27,4,4,5,544,Champions
12495,640,1,277.4,1,1,1,111,Lost
12496,619,2,45.34,1,1,1,111,Lost
12497,81,3,5996.5,2,5,3,325,Regular
12498,20,3,349.70000000000005,2,2,4,422,New
12499,559,1,357.72,1,2,1,112,Lost
12500,22,18,5559.21,4,5,4,445,Champions
12501,336,1,2025.39,1,4,2,214,Regular
12502,95,5,2995.87,3,5,3,335,Regular
12503,583,1,896.0,1,3,1,113,Regular
12504,17,4,689.05,2,3,5,523,New
12505,408,1,787.2,1,3,2,213,Regular
12506,232,1,73.5,1,1,2,211,Lost
12507,133,4,1508.06,2,4,3,324,Regular
12508,25,2,397.88,1,2,4,412,New
12509,283,1,158.5,1,1,2,211,Lost
12510,142,7,3039.03,3,5,3,335,Regular
12511,428,1,3084.02,1,5,1,115,Regular
12512,65,2,132.18,1,1,3,311,Regular
12513,112,1,558.29,1,2,3,312,Regular
12514,266,2,1597.76,1,4,2,214,Regular
12515,352,1,278.7,1,1,2,211,Lost
12516,77,4,2288.62,2,4,3,324,Regular
12517,27,4,2301.6,2,4,4,424,New
12518,0,5,1840.89,3,4,5,534,Champions
12519,63,2,626.54,1,3,3,313,Regular
12520,78,5,2346.2599999999998,3,4,3,334,Regular
12521,142,1,545.68,1,2,3,312,Regular
12522,38,2,156.72,1,1,4,411,New
12523,18,23,4010.35,4,5,5,545,Champions
12524,8,17,9794.11,4,5,5,545,Champions
12525,497,3,883.73,2,3,1,123,Regular
12526,0,3,1172.66,2,3,5,523,New
12527,81,5,717.51,3,3,3,333,Regular
12528,8,6,1645.48,3,4,5,534,Champions
12529,527,1,316.48,1,2,1,112,Lost
12530,59,9,3381.26,4,5,3,345,Regular
12531,14,2,1771.2,1,4,5,514,New
12532,29,1,313.83000000000004,1,2,4,412,New
12533,627,2,1223.89,1,4,1,114,Regular
12534,130,1,981.18,1,3,3,313,Regular
12535,91,2,716.35,1,3,3,313,Regular
12536,58,1,4279.71,1,5,4,415,New
12537,408,1,612.94,1,3,2,213,Regular
12538,28,2,640.45,1,3,4,413,New
12539,21,7,11186.75,3,5,4,435,Champions
12540,19,32,19250.49,4,5,4,445,Champions
12541,29,3,841.18,2,3,4,423,New
12542,483,2,481.88,1,2,1,112,Lost
12543,447,1,840.25,1,3,1,113,Regular
12544,35,1,316.7,1,2,4,412,New
12545,74,2,832.39,1,3,3,313,Regular
12546,46,2,1021.5,1,3,4,413,New
12547,197,3,299.58,2,2,2,222,Lost
12548,165,1,67.19999999999999,1,1,3,311,Regular
12549,575,5,1570.68,3,4,1,134,At Risk
12550,78,1,824.83,1,3,3,313,Regular
12551,357,1,168.0,1,1,2,211,Lost
12552,39,1,317.82,1,2,4,412,New
12553,7,12,4104.75,4,5,5,545,Champions
12554,448,1,384.5,1,2,1,112,Lost
12556,49,2,599.56,1,2,4,412,New
12557,15,8,18096.14,3,5,5,535,Champions
12558,7,1,269.96,1,1,5,511,New
12559,310,2,525.71,1,2,2,212,Lost
12560,4,2,1918.01,1,4,5,514,New
12561,302,1,238.85,1,1,2,211,Lost
12562,7,9,4426.92,4,5,5,545,Champions
12563,408,1,221.24,1,1,2,211,Lost
12564,260,1,402.9,1,2,2,212,Lost
12565,288,1,145.92,1,1,2,211,Lost
12566,85,1,297.65,1,2,3,312,Regular
12567,22,15,10741.48,4,5,4,445,Champions
12568,644,1,52.0,1,1,1,111,Lost
12569,1,32,3152.69,4,5,5,545,Champions
12571,39,2,519.61,1,2,4,412,New
12572,8,2,912.42,1,3,5,513,New
12573,226,5,717.41,3,3,2,233,At Risk
12574,315,1,182.45000000000002,1,1,2,211,Lost
12575,456,2,568.8199999999999,1,2,1,112,Lost
12576,35,8,2062.72,3,4,4,434,Champions
12577,34,8,1613.15,3,4,4,434,Champions
12578,20,4,4026.4500000000003,2,5,4,425,New
12579,77,1,386.42,1,2,3,312,Regular
12580,246,2,962.9,1,3,2,213,Regular
12581,39,1,179.71,1,1,4,411,New
12582,238,4,1820.4,2,4,2,224,Regular
12583,2,27,12493.58,4,5,5,545,Champions
12584,3,9,2254.15,4,4,5,544,Champions
12585,233,2,1824.1,1,4,2,214,Regular
12586,16,4,2062.67,2,4,5,524,New
12587,7,1,104.0,1,1,5,511,New
12588,38,3,718.78,2,3,4,423,New
12589,28,6,3294.91,3,5,4,435,Champions
12590,210,1,9341.26,1,5,2,215,Regular
12591,316,3,1114.95,2,3,2,223,Regular
12592,91,4,1723.6399999999999,2,4,3,324,Regular
12593,108,3,382.09999999999997,2,2,3,322,Regular
12594,37,14,4890.110000000001,4,5,4,445,Champions
12595,504,1,281.02,1,1,1,111,Lost
12596,50,2,450.27,1,2,4,412,New
12597,18,4,3195.22,2,5,5,525,New
12598,9,10,4192.09,4,5,5,545,Champions
12599,28,13,2026.72,4,4,4,444,Champions
12600,28,20,4385.85,4,5,4,445,Champions
12601,189,6,573.26,3,2,2,232,Regular
12602,58,1,153.12,1,1,4,411,New
12603,21,1,613.1999999999999,1,3,4,413,New
12604,78,2,236.18,1,1,3,311,Regular
12605,375,3,1124.95,2,3,2,223,Regular
12607,59,1,1579.51,1,4,3,314,Regular
12608,404,1,415.79,1,2,2,212,Lost
12609,77,9,3021.86,4,5,3,345,Regular
12610,22,4,1747.54,2,4,4,424,New
12611,51,1,1193.32,1,3,4,413,New
12612,73,1,668.0400000000001,1,3,3,313,Regular
12613,56,9,6277.37,4,5,4,445,Champions
12614,277,1,315.6,1,2,2,212,Lost
12615,1,8,5362.98,3,5,5,535,Champions
12616,94,3,1023.1,2,3,3,323,Regular
12617,28,1,352.98,1,2,4,412,New
12618,21,1,137.31,1,1,4,411,New
12619,15,9,3085.7,4,5,5,545,Champions
12620,14,3,1303.41,2,4,5,524,New
12621,1,35,22097.2,4,5,5,545,Champions
12622,231,1,162.1,1,1,2,211,Lost
12623,275,7,3315.84,3,5,2,235,At Risk
12624,105,2,569.13,1,2,3,312,Regular
12625,211,4,4678.88,2,5,2,225,Regular
12626,22,9,5954.48,4,5,4,445,Champions
12627,10,6,4082.53,3,5,5,535,Champions
12628,3,3,732.46,2,3,5,523,New
12629,385,2,1198.22,1,3,2,213,Regular
12630,9,2,1030.88,1,3,5,513,New
12631,56,6,3321.57,3,5,4,435,Champions
12632,520,2,714.88,1,3,1,113,Regular
12633,58,7,5156.16,3,5,4,435,Champions
12634,547,1,360.0,1,2,1,112,Lost
12635,89,4,2624.41,2,4,3,324,Regular
12637,66,12,8085.8099999999995,4,5,3,345,Regular
12638,32,2,681.49,1,3,4,413,New
12639,238,3,1072.37,2,3,2,223,Regular
12640,23,3,994.58,2,3,4,423,New
12641,114,1,145.9,1,1,3,311,Regular
12642,24,3,905.26,2,3,4,423,New
12643,127,11,7803.82,4,5,3,345,Regular
12644,129,4,1900.49,2,4,3,324,Regular
12645,33,8,3215.3,3,5,4,435,Champions
12646,4,2,1346.97,1,4,5,514,New
12647,21,35,14109.55,4,5,4,445,Champions
12648,154,4,1039.0,2,3,3,323,Regular
12649,106,8,2096.65,3,4,3,334,Regular
12650,2,1,242.44000000000003,1,1,5,511,New
12651,334,4,377.75,2,2,2,222,Lost
12652,330,2,891.03,1,3,2,213,Regular
12653,148,3,4160.83,2,5,3,325,Regular
12654,10,5,529.98,3,2,5,532,Regular
12655,423,1,243.35000000000002,1,1,1,111,Lost
12656,16,8,5723.83,3,5,5,535,Champions
12657,10,4,1427.18,2,4,5,524,New
12658,18,1,632.05,1,3,5,513,New
12659,29,1,73.68,1,1,4,411,New
12660,10,1,227.1,1,1,5,511,New
12661,435,1,162.0,1,1,1,111,Lost
12662,0,20,6130.54,4,5,5,545,Champions
12663,624,2,185.4,1,1,1,111,Lost
12664,7,11,5420.04,4,5,5,545,Champions
12665,324,3,259.6,2,1,2,221,Lost
12666,393,1,1248.42,1,4,2,214,Regular
12667,57,1,460.13,1,2,4,412,New
12668,11,9,9906.03,4,5,5,545,Champions
12669,150,2,1427.73,1,4,3,314,Regular
12670,9,7,3436.29,3,5,5,535,Champions
12671,605,1,2622.48,1,4,1,114,Regular
12672,329,2,407.05,1,2,2,212,Lost
12673,4,3,1140.02,2,3,5,523,New
12674,38,4,1844.6,2,4,4,424,New
12675,553,2,873.25,1,3,1,113,Regular
12676,24,10,2333.09,4,4,4,444,Champions
12677,554,2,359.1,1,2,1,112,Lost
12678,41,15,32595.18,4,5,4,445,Champions
12679,58,4,951.02,2,3,4,423,New
12680,0,4,790.81,2,3,5,523,New
12681,14,44,26936.76,4,5,5,545,Champions
12682,3,51,20736.22,4,5,5,545,Champions
12683,3,20,10445.7,4,5,5,545,Champions
12684,7,6,2073.63,3,4,5,534,Champions
12685,27,6,2575.08,3,4,4,434,Champions
12686,371,1,71.14,1,1,2,211,Lost
12687,480,1,1858.91,1,4,1,114,Regular
12688,113,1,4873.8099999999995,1,5,3,315,Regular
12689,25,2,1139.61,1,3,4,413,New
12690,205,1,335.01,1,2,2,212,Lost
12691,27,6,1044.4,3,3,4,433,Regular
12692,636,1,110.95,1,1,1,111,Lost
12693,126,7,1415.02,3,4,3,334,Regular
12694,69,3,1663.35,2,4,3,324,Regular
12695,6,7,1371.1200000000001,3,4,5,534,Champions
12696,434,2,731.91,1,3,1,113,Regular
12697,28,3,757.59,2,3,4,423,New
12698,589,1,285.75,1,2,1,112,Lost
12699,417,1,566.11,1,2,1,112,Lost
12700,7,4,4525.99,2,5,5,525,New
12701,79,6,2248.41,3,4,3,334,Regular
12702,19,1,201.0,1,1,4,411,New
12703,70,4,898.53,2,3,3,323,Regular
12704,6,8,1740.84,3,4,5,534,Champions
12705,14,13,11114.1,4,5,5,545,Champions
12707,291,1,603.42,1,3,2,213,Regular
12708,29,18,4559.66,4,5,4,445,Champions
12709,14,32,29487.18,4,5,5,545,Champions
12710,96,3,1023.02,2,3,3,323,Regular
12711,611,2,1213.05,1,4,1,114,Regular
12712,28,21,5985.03,4,5,4,445,Champions
12713,0,1,794.55,1,3,5,513,New
12714,8,12,12815.710000000001,4,5,5,545,Champions
12715,105,1,263.36,1,1,3,311,Regular
12716,3,2,963.49,1,3,5,513,New
12717,150,3,1058.91,2,3,3,323,Regular
12718,70,1,202.25,1,1,3,311,Regular
12719,4,2,572.95,1,2,5,512,New
12720,2,29,6905.28,4,5,5,545,Champions
12721,31,8,3635.08,3,5,4,435,Champions
12722,84,4,979.63,2,3,3,323,Regular
12723,3,5,707.07,3,3,5,533,Regular
12724,4,7,2083.52,3,4,5,534,Champions
12725,370,3,1906.76,2,4,2,224,Regular
12726,27,11,3690.6,4,5,4,445,Champions
12727,10,10,4905.53,4,5,5,545,Champions
12728,70,5,926.17,3,3,3,333,Regular
12729,113,1,417.01,1,2,3,312,Regular
12730,521,1,703.25,1,3,1,113,Regular
12731,23,17,25631.71,4,5,4,445,Champions
12732,179,1,218.26000000000002,1,1,3,311,Regular
12733,233,4,2424.02,2,4,2,224,Regular
12734,352,3,603.65,2,3,2,223,Regular
12735,314,2,689.5699999999999,1,3,2,213,Regular
12736,332,1,144.0,1,1,2,211,Lost
12738,371,1,137.35,1,1,2,211,Lost
12739,98,2,2421.23,1,4,3,314,Regular
12740,63,1,427.6,1,2,3,312,Regular
12741,532,1,236.07,1,1,1,111,Lost
12742,625,1,1201.52,1,4,1,114,Regular
12743,133,2,540.13,1,2,3,312,Regular
12744,55,8,13158.16,3,5,4,435,Champions
12745,486,2,723.85,1,3,1,113,Regular
12746,540,1,254.55,1,1,1,111,Lost
12747,1,26,8898.48,4,5,5,545,Champions
12748,0,322,49176.74,4,5,5,545,Champions
12749,3,9,6847.36,4,5,5,545,Champions
12750,128,1,275.88,1,1,3,311,Regular
12751,444,1,268.27,1,1,1,111,Lost
12752,80,1,4366.78,1,5,3,315,Regular
12753,22,6,21429.39,3,5,4,435,Champions
12754,235,3,3010.74,2,5,2,225,Regular
12755,280,11,5236.259999999999,4,5,2,245,At Risk
12756,86,1,112.07999999999998,1,1,3,311,Regular
12757,15,9,4176.75,4,5,5,545,Champions
12758,116,7,9903.24,3,5,3,335,Regular
12759,51,8,4618.74,3,5,4,435,Champions
12760,455,1,317.8,1,2,1,112,Lost
12761,464,1,712.95,1,3,1,113,Regular
12762,7,2,1702.52,1,4,5,514,New
12763,137,2,494.08,1,2,3,312,Regular
12764,316,1,1693.88,1,4,2,214,Regular
12765,471,6,1299.58,3,4,1,134,At Risk
12766,3,9,8134.99,4,5,5,545,Champions
12767,375,1,949.82,1,3,2,213,Regular
12768,450,1,168.69000000000003,1,1,1,111,Lost
12769,238,1,1143.6,1,3,2,213,Regular
12770,210,2,3246.45,1,5,2,215,Regular
12771,485,1,226.3,1,1,1,111,Lost
12772,59,1,752.47,1,3,3,313,Regular
12773,563,1,124.25,1,1,1,111,Lost
12774,535,1,83.7,1,1,1,111,Lost
12775,16,7,1551.12,3,4,5,534,Champions
12776,667,1,27.5,1,1,1,111,Lost
12777,457,1,519.45,1,2,1,112,Lost
12778,19,9,1541.68,4,4,4,444,Champions
12779,37,14,6474.11,4,5,4,445,Champions
12780,598,1,322.4,1,2,1,112,Lost
12781,63,2,786.74,1,3,3,313,Regular
12782,4,11,3862.2400000000002,4,5,5,545,Champions
12783,1,4,1295.87,2,4,5,524,New
12784,14,2,1511.15,1,4,5,514,New
12785,363,3,904.4,2,3,2,223,Regular
12786,609,1,668.5,1,3,1,113,Regular
12787,9,4,799.18,2,3,5,523,New
12788,462,4,384.9,2,2,1,122,Lost
12789,64,3,225.35,2,1,3,321,Regular
12790,191,2,546.85,1,2,2,212,Lost
12791,373,5,656.83,3,3,2,233,At Risk
12792,256,2,715.01,1,3,2,213,Regular
12793,334,3,745.53,2,3,2,223,Regular
12794,52,2,860.41,1,3,4,413,New
12795,18,1,318.48,1,2,5,512,New
12796,627,1,351.0,1,2,1,112,Lost
12797,365,2,468.08000000000004,1,2,2,212,Lost
12798,9,4,8510.93,2,5,5,525,New
12799,528,1,219.35,1,1,1,111,Lost
12800,469,2,500.25,1,2,1,112,Lost
12801,500,1,871.82,1,3,1,113,Regular
12802,186,5,2186.42,3,4,3,334,Regular
12803,392,1,1017.81,1,3,2,213,Regular
12804,465,2,325.37,1,2,1,112,Lost
12805,381,4,1230.95,2,4,2,224,Regular
12806,571,2,2558.96,1,4,1,114,Regular
12807,382,1,250.35,1,1,2,211,Lost
12808,36,5,748.7,3,3,4,433,Regular
12809,177,3,1384.3400000000001,2,4,3,324,Regular
12810,534,2,534.99,1,2,1,112,Lost
12811,261,4,893.9,2,3,2,223,Regular
12812,44,1,229.64000000000001,1,1,4,411,New
12813,501,3,1621.8,2,4,1,124,Regular
12814,101,1,85.92,1,1,3,311,Regular
12815,147,2,863.46,1,3,3,313,Regular
12816,95,2,452.20000000000005,1,2,3,312,Regular
12817,280,3,570.98,2,2,2,222,Lost
12818,261,1,1182.0800000000002,1,3,2,213,Regular
12819,457,1,540.52,1,2,1,112,Lost
12820,2,11,2689.52,4,4,5,544,Champions
12821,213,2,220.8,1,1,2,211,Lost
12822,70,2,948.88,1,3,3,313,Regular
12823,74,18,6501.5,4,5,3,345,Regular
12824,59,1,397.12,1,2,3,312,Regular
12825,520,2,518.63,1,2,1,112,Lost
12826,2,12,2800.75,4,4,5,544,Champions
12827,5,3,430.15000000000003,2,2,5,522,New
12828,2,6,1018.71,3,3,5,533,Regular
12829,336,3,385.3,2,2,2,222,Lost
12830,37,6,6814.64,3,5,4,435,Champions
12831,261,3,451.11,2,2,2,222,Lost
12832,31,2,383.03,1,2,4,412,New
12833,144,1,417.38,1,2,3,312,Regular
12834,282,1,312.38,1,2,2,212,Lost
12835,427,41,5996.83,4,5,1,145,At Risk
12836,58,15,6559.7300000000005,4,5,4,445,Champions
12837,172,2,662.66,1,3,3,313,Regular
12838,33,10,2975.91,4,5,4,445,Champions
12839,2,26,9669.12,4,5,5,545,Champions
12840,143,7,4041.97,3,5,3,335,Regular
12841,4,40,6958.2,4,5,5,545,Champions
12842,69,4,1917.99,2,4,3,324,Regular
12843,65,28,6461.87,4,5,3,345,Regular
12844,28,4,648.6,2,3,4,423,New
12845,266,4,354.09,2,2,2,222,Lost
12847,21,2,1609.0,1,4,4,414,New
12848,675,1,208.0,1,1,1,111,Lost
12849,30,6,3015.98,3,5,4,435,Champions
12850,445,1,330.0,1,2,1,112,Lost
12851,96,2,280.76,1,1,3,311,Regular
12852,294,1,311.55,1,2,2,212,Lost
12853,134,11,3907.5,4,5,3,345,Regular
12854,78,7,2970.9700000000003,3,5,3,335,Regular
12855,372,4,612.84,2,3,2,223,Regular
12856,7,6,2170.78,3,4,5,534,Champions
12857,210,6,3688.0,3,5,2,235,At Risk
12858,382,1,147.27,1,1,2,211,Lost
12859,458,1,575.1,1,2,1,112,Lost
12860,692,1,54.22,1,1,1,111,Lost
12861,619,1,68.25,1,1,1,111,Lost
12862,425,2,984.62,1,3,1,113,Regular
12863,51,6,2792.5499999999997,3,4,4,434,Champions
12864,137,2,299.57,1,2,3,312,Regular
12865,25,4,3323.47,2,5,4,425,New
12866,282,3,1092.35,2,3,2,223,Regular
12867,25,13,7829.26,4,5,4,445,Champions
12868,185,8,2043.76,3,4,3,334,Regular
12869,681,1,337.66999999999996,1,2,1,112,Lost
12870,374,3,1676.95,2,4,2,224,Regular
12871,83,3,744.02,2,3,3,323,Regular
12872,326,12,3283.96,4,5,2,245,At Risk
12873,281,3,2027.3,2,4,2,224,Regular
12874,384,2,873.42,1,3,2,213,Regular
12875,142,5,1356.99,3,4,3,334,Regular
12876,57,4,3751.79,2,5,4,425,New
12877,3,20,2942.14,4,5,5,545,Champions
12878,235,2,854.99,1,3,2,213,Regular
12879,44,3,573.22,2,2,4,422,New
12880,381,2,640.13,1,3,2,213,Regular
12881,275,1,298.0,1,2,2,212,Lost
12882,8,2,1463.04,1,4,5,514,New
12883,24,4,703.47,2,3,4,423,New
12884,87,1,309.05,1,2,3,312,Regular
12885,62,3,1175.22,2,3,3,323,Regular
12886,67,2,1378.4,1,4,3,314,Regular
12887,383,1,222.4,1,1,2,211,Lost
12888,213,2,354.12,1,2,2,212,Lost
12889,380,4,385.46000000000004,2,2,2,222,Lost
12890,23,2,706.02,1,3,4,413,New
12891,185,11,840.5,4,3,3,343,Regular
12892,396,1,263.38,1,1,2,211,Lost
12893,30,1,176.55,1,1,4,411,New
12894,574,1,157.35,1,1,1,111,Lost
12895,41,2,372.8,1,2,4,412,New
12897,204,4,514.25,2,2,2,222,Lost
12898,463,2,296.21000000000004,1,2,1,112,Lost
12899,413,1,366.4,1,2,1,112,Lost
12900,421,1,340.33,1,2,1,112,Lost
12901,8,28,17654.54,4,5,5,545,Champions
12902,264,1,138.68,1,1,2,211,Lost
12903,428,1,833.53,1,3,1,113,Regular
12904,17,2,496.06,1,2,5,512,New
12905,576,2,1018.42,1,3,1,113,Regular
12906,11,5,2919.81,3,5,5,535,Champions
12907,395,2,508.91,1,2,2,212,Lost
12908,175,5,1776.0,3,4,3,334,Regular
12909,39,8,3103.19,3,5,4,435,Champions
12910,22,13,5796.52,4,5,4,445,Champions
12911,551,1,1651.72,1,4,1,114,Regular
12912,2,5,1662.3,3,4,5,534,Champions
12913,4,13,6283.24,4,5,5,545,Champions
12914,400,1,223.98,1,1,2,211,Lost
12915,148,4,975.1,2,3,3,323,Regular
12916,138,7,4479.73,3,5,3,335,Regular
12917,127,6,4359.2,3,5,3,335,Regular
12919,7,6,1335.19,3,4,5,534,Champions
12920,16,4,486.64,2,2,5,522,New
12921,8,74,35233.24,4,5,5,545,Champions
12922,160,1,405.38,1,2,3,312,Regular
12923,63,3,769.17,2,3,3,323,Regular
12924,87,12,2461.45,4,4,3,344,Regular
12925,4,3,729.3299999999999,2,3,5,523,New
12926,410,4,1523.59,2,4,1,124,Regular
12927,394,1,197.31,1,1,2,211,Lost
12928,34,12,4304.89,4,5,4,445,Champions
12929,311,1,117.85,1,1,2,211,Lost
12930,77,2,415.8,1,2,3,312,Regular
12931,21,57,92347.34,4,5,4,445,Champions
12932,538,8,1698.56,3,4,1,134,At Risk
12933,23,8,1636.6299999999999,3,4,4,434,Champions
12934,736,1,181.65,1,1,1,111,Lost
12935,1,15,4243.86,4,5,5,545,Champions
12936,16,4,1063.9,2,3,5,523,New
12937,14,9,3097.61,4,5,5,545,Champions
12938,25,1,114.14,1,1,4,411,New
12939,63,20,25264.8,4,5,3,345,Regular
12940,54,2,899.69,1,3,4,413,New
12941,723,1,377.49,1,2,1,112,Lost
12942,130,3,675.6,2,3,3,323,Regular
12943,557,2,496.5,1,2,1,112,Lost
12944,35,2,604.51,1,3,4,413,New
12945,287,2,900.11,1,3,2,213,Regular
12946,436,1,324.45,1,2,1,112,Lost
12947,143,6,1603.99,3,4,3,334,Regular
12948,15,9,2317.43,4,4,5,544,Champions
12949,30,22,15526.7,4,5,4,445,Champions
12950,1,3,1843.0,2,4,5,524,New
12951,8,15,3213.7200000000003,4,5,5,545,Champions
12952,5,4,1387.79,2,4,5,524,New
12953,9,2,828.8100000000001,1,3,5,513,New
12954,638,1,162.45,1,1,1,111,Lost
12955,0,11,4757.16,4,5,5,545,Champions
12956,305,4,521.89,2,2,2,222,Lost
12957,9,13,8706.97,4,5,5,545,Champions
12958,399,2,467.34,1,2,2,212,Lost
12959,483,1,150.95,1,1,1,111,Lost
12960,413,4,1322.07,2,4,1,124,Regular
12961,378,1,211.99,1,1,2,211,Lost
12962,6,2,266.39,1,1,5,511,New
12963,7,12,3235.79,4,5,5,545,Champions
12964,436,1,132.24,1,1,1,111,Lost
12965,88,1,769.8100000000001,1,3,3,313,Regular
12966,9,1,160.18,1,1,5,511,New
12967,357,3,2938.52,2,5,2,225,Regular
12968,111,1,135.95,1,1,3,311,Regular
12969,602,1,122.45,1,1,1,111,Lost
12970,6,10,1452.54,4,4,5,544,Champions
12971,3,116,15704.6,4,5,5,545,Champions
12972,413,4,1161.2,2,3,1,123,Regular
12973,413,1,385.55,1,2,1,112,Lost
12974,197,2,408.95,1,2,2,212,Lost
12975,436,6,2100.09,3,4,1,134,At Risk
12976,211,8,3156.38,3,5,2,235,At Risk
12977,155,4,513.88,2,2,3,322,Regular
12978,384,5,2502.82,3,4,2,234,At Risk
12979,728,1,517.7,1,2,1,112,Lost
12980,157,21,16245.78,4,5,3,345,Regular
12981,29,2,372.21999999999997,1,2,4,412,New
12982,242,8,2744.81,3,4,2,234,At Risk
12983,597,1,490.08000000000004,1,2,1,112,Lost
12984,18,1,97.5,1,1,5,511,New
12985,0,2,1239.38,1,4,5,514,New
12986,428,10,2729.84,4,4,1,144,At Risk
12987,73,5,1312.21,3,4,3,334,Regular
12988,291,1,505.82,1,2,2,212,Lost
12989,2,33,13551.75,4,5,5,545,Champions
12990,30,7,955.5,3,3,4,433,Regular
12991,22,3,764.82,2,3,4,423,New
12992,724,1,93.35000000000001,1,1,1,111,Lost
12993,22,8,1259.6299999999999,3,4,4,434,Champions
12994,3,3,974.4200000000001,2,3,5,523,New
12995,84,1,211.32,1,1,3,311,Regular
12996,375,1,355.5,1,2,2,212,Lost
12997,21,8,2110.91,3,4,4,434,Champions
12998,492,3,920.08,2,3,1,123,Regular
12999,195,3,455.88,2,2,2,222,Lost
13000,106,4,1032.5,2,3,3,323,Regular
13001,3,33,24042.65,4,5,5,545,Champions
13002,317,3,414.13,2,2,2,222,Lost
13003,105,3,149.05,2,1,3,321,Regular
13004,11,36,11650.85,4,5,5,545,Champions
13005,173,4,999.68,2,3,3,323,Regular
13006,55,1,81.57,1,1,4,411,New
13007,579,1,175.25,1,1,1,111,Lost
13008,322,3,612.13,2,3,2,223,Regular
13009,672,1,234.0,1,1,1,111,Lost
13010,373,2,330.12,1,2,2,212,Lost
13011,371,1,50.550000000000004,1,1,2,211,Lost
13012,8,11,2957.83,4,5,5,545,Champions
13013,0,29,11097.43,4,5,5,545,Champions
13014,10,11,5381.08,4,5,5,545,Champions
13015,52,11,6579.78,4,5,4,445,Champions
13016,72,3,789.89,2,3,3,323,Regular
13017,6,1,204.0,1,1,5,511,New
13018,15,35,9763.16,4,5,5,545,Champions
13019,378,6,1229.95,3,4,2,234,At Risk
13020,562,2,618.96,1,3,1,113,Regular
13021,3,17,4887.24,4,5,5,545,Champions
13022,429,1,50.3,1,1,1,111,Lost
13023,63,3,1251.03,2,4,3,324,Regular
13024,470,2,555.87,1,2,1,112,Lost
13025,731,1,323.39,1,2,1,112,Lost
13026,0,9,1733.08,4,4,5,544,Champions
13027,113,19,17239.2,4,5,3,345,Regular
13028,22,2,661.3199999999999,1,3,4,413,New
13029,30,5,1927.3,3,4,4,434,Champions
13030,10,2,752.4399999999999,1,3,5,513,New
13031,406,5,3292.84,3,5,2,235,At Risk
13032,51,9,2815.96,4,4,4,444,Champions
13033,356,2,220.55,1,1,2,211,Lost
13034,54,3,756.82,2,3,4,423,New
13035,73,3,1364.2,2,4,3,324,Regular
13036,684,1,307.1,1,2,1,112,Lost
13037,137,12,3914.9500000000003,4,5,3,345,Regular
13038,79,3,908.46,2,3,3,323,Regular
13039,583,4,1010.73,2,3,1,123,Regular
13040,8,2,676.99,1,3,5,513,New
13041,450,4,799.13,2,3,1,123,Regular
13042,597,3,1488.59,2,4,1,124,Regular
13043,272,1,516.42,1,2,2,212,Lost
13044,290,11,4848.05,4,5,2,245,At Risk
13045,98,3,808.92,2,3,3,323,Regular
13046,30,3,949.25,2,3,4,423,New
13047,56,23,8423.58,4,5,4,445,Champions
13048,13,9,4049.13,4,5,5,545,Champions
13049,63,4,1408.24,2,4,3,324,Regular
13050,14,34,11877.29,4,5,5,545,Champions
13051,578,2,155.8,1,1,1,111,Lost
13052,211,7,3118.48,3,5,2,235,At Risk
13053,621,1,127.65,1,1,1,111,Lost
13055,77,4,2321.11,2,4,3,324,Regular
13056,550,1,209.48,1,1,1,111,Lost
13057,529,3,709.59,2,3,1,123,Regular
13058,24,3,271.40000000000003,2,1,4,421,New
13059,249,10,2291.77,4,4,2,244,At Risk
13060,253,1,307.53,1,2,2,212,Lost
13061,71,1,248.61,1,1,3,311,Regular
13062,190,1,346.98,1,2,2,212,Lost
13063,480,1,188.4,1,1,1,111,Lost
13064,12,6,1666.8400000000001,3,4,5,534,Champions
13065,372,5,1055.05,3,3,2,233,At Risk
13066,23,2,470.8,1,2,4,412,New
13067,81,3,508.51,2,2,3,322,Regular
13068,9,2,344.0,1,2,5,512,New
13069,0,38,9284.45,4,5,5,545,Champions
13070,191,4,751.7,2,3,2,223,Regular
13071,611,1,129.22,1,1,1,111,Lost
13072,266,1,177.15,1,1,2,211,Lost
13073,410,2,418.08,1,2,1,112,Lost
13074,510,4,1378.74,2,4,1,124,Regular
13075,129,1,919.61,1,3,3,313,Regular
13076,457,1,135.4,1,1,1,111,Lost
13077,0,11,2740.65,4,4,5,544,Champions
13078,2,57,29018.06,4,5,5,545,Champions
13079,3,6,419.18,3,2,5,532,Regular
13080,178,4,280.73,2,1,3,321,Regular
13081,11,28,56838.37,4,5,5,545,Champions
13082,125,21,7335.75,4,5,3,345,Regular
13083,3,3,395.43,2,2,5,522,New
13084,491,1,122.39999999999999,1,1,1,111,Lost
13085,157,8,2433.28,3,4,3,334,Regular
13086,382,1,439.33000000000004,1,2,2,212,Lost
13087,725,1,313.64,1,2,1,112,Lost
13088,416,1,236.11,1,1,1,111,Lost
13089,2,203,113416.91,4,5,5,545,Champions
13090,8,23,13076.74,4,5,5,545,Champions
13091,27,2,1108.8,1,3,4,413,New
13092,70,12,2140.28,4,4,3,344,Regular
13093,275,55,54144.25,4,5,2,245,At Risk
13094,20,13,2209.44,4,4,4,444,Champions
13095,70,1,74.39999999999999,1,1,3,311,Regular
13096,393,1,419.70000000000005,1,2,2,212,Lost
13097,32,27,13015.36,4,5,4,445,Champions
13098,0,28,28882.44,4,5,5,545,Champions
13099,98,1,207.35999999999999,1,1,3,311,Regular
13101,233,4,695.4,2,3,2,223,Regular
13102,0,37,11380.1,4,5,5,545,Champions
13103,39,3,709.64,2,3,4,423,New
13104,2,9,1709.1,4,4,5,544,Champions
13105,435,1,72.0,1,1,1,111,Lost
13106,132,2,603.46,1,3,3,313,Regular
13107,43,9,5253.07,4,5,4,445,Champions
13108,372,2,748.46,1,3,2,213,Regular
13109,59,3,1134.03,2,3,3,323,Regular
13110,30,12,2957.4700000000003,4,5,4,445,Champions
13111,718,1,321.88000000000005,1,2,1,112,Lost
13112,540,1,20.6,1,1,1,111,Lost
13113,0,37,18230.07,4,5,5,545,Champions
13114,730,1,234.38,1,1,1,111,Lost
13115,11,10,5494.7,4,5,5,545,Champions
13116,137,1,501.14,1,2,3,312,Regular
13117,21,18,2255.66,4,4,4,444,Champions
13118,19,9,2415.41,4,4,4,444,Champions
13119,668,1,134.9,1,1,1,111,Lost
13120,238,1,30.599999999999998,1,1,2,211,Lost
13121,268,1,283.73,1,1,2,211,Lost
13122,93,2,922.39,1,3,3,313,Regular
13123,472,2,506.75,1,2,1,112,Lost
13124,89,4,4641.66,2,5,3,325,Regular
13125,523,1,148.62,1,1,1,111,Lost
13126,4,13,3774.81,4,5,5,545,Champions
13127,77,1,259.17,1,1,3,311,Regular
13128,630,1,263.5,1,1,1,111,Lost
13129,451,2,233.25,1,1,1,111,Lost
13130,93,1,64.0,1,1,3,311,Regular
13131,22,7,3313.77,3,5,4,435,Champions
13132,261,1,77.3,1,1,2,211,Lost
13133,273,3,200.45000000000002,2,1,2,221,Lost
13134,85,6,2475.23,3,4,3,334,Regular
13135,196,2,3371.45,1,5,2,215,Regular
13136,55,13,6274.56,4,5,4,445,Champions
13137,10,16,7586.94,4,5,5,545,Champions
13138,21,7,1274.01,3,4,4,434,Champions
13139,15,8,8202.98,3,5,5,535,Champions
13140,107,5,1054.92,3,3,3,333,Regular
13141,84,17,7656.08,4,5,3,345,Regular
13142,18,1,307.09,1,2,5,512,New
13143,584,1,405.1,1,2,1,112,Lost
13144,332,2,135.35,1,1,2,211,Lost
13145,39,7,1128.52,3,3,4,433,Regular
13146,25,1,228.91,1,1,4,411,New
13147,9,4,712.8000000000001,2,3,5,523,New
13148,28,26,8488.32,4,5,4,445,Champions
13149,13,4,1676.06,2,4,5,524,New
13150,483,3,449.96999999999997,2,2,1,122,Lost
13151,295,3,2454.71,2,4,2,224,Regular
13152,416,7,2146.38,3,4,1,134,At Risk
13153,5,1,486.22,1,2,5,512,New
13154,398,3,1624.84,2,4,2,224,Regular
13155,32,6,1370.48,3,4,4,434,Champions
13156,384,3,1586.54,2,4,2,224,Regular
13157,48,9,5687.36,4,5,4,445,Champions
13158,94,5,1508.18,3,4,3,334,Regular
13159,8,4,1429.35,2,4,5,524,New
13160,21,1,91.8,1,1,4,411,New
13161,312,2,472.13,1,2,2,212,Lost
13162,121,16,9275.49,4,5,3,345,Regular
13163,609,1,17.65,1,1,1,111,Lost
13164,568,2,372.2,1,2,1,112,Lost
13165,45,3,1451.16,2,4,4,424,New
13166,282,2,875.93,1,3,2,213,Regular
13167,18,5,1113.15,3,3,5,533,Regular
13168,35,5,1840.73,3,4,4,434,Champions
13169,63,3,840.08,2,3,3,323,Regular
13170,26,1,108.81,1,1,4,411,New
13171,21,3,468.41,2,2,4,422,New
13172,399,1,69.6,1,1,2,211,Lost
13173,3,11,2389.82,4,4,5,544,Champions
13174,15,11,7972.46,4,5,5,545,Champions
13175,581,2,831.45,1,3,1,113,Regular
13176,45,1,481.49,1,2,4,412,New
13177,64,2,512.2,1,2,3,312,Regular
13178,25,21,14059.19,4,5,4,445,Champions
13179,618,1,572.3100000000001,1,2,1,112,Lost
13180,606,1,86.10000000000001,1,1,1,111,Lost
13181,380,1,359.69,1,2,2,212,Lost
13182,44,1,121.18,1,1,4,411,New
13183,7,15,7036.18,4,5,5,545,Champions
13184,14,10,1667.95,4,4,5,544,Champions
13185,267,1,71.4,1,1,2,211,Lost
13186,39,3,1575.89,2,4,4,424,New
13187,336,4,328.36,2,2,2,222,Lost
13188,10,1,114.60000000000001,1,1,5,511,New
13189,18,2,260.68,1,1,5,511,New
13190,543,3,570.66,2,2,1,122,Lost
13191,657,1,159.21,1,1,1,111,Lost
13192,94,6,2558.58,3,4,3,334,Regular
13193,60,1,112.08,1,1,3,311,Regular
13194,135,2,472.78,1,2,3,312,Regular
13195,413,1,136.73,1,1,1,111,Lost
13196,10,7,3068.84,3,5,5,535,Champions
13197,609,1,373.01000000000005,1,2,1,112,Lost
13198,9,8,4974.2300000000005,3,5,5,535,Champions
13199,3,66,15949.210000000001,4,5,5,545,Champions
13200,18,4,870.09,2,3,5,523,New
13201,501,4,1233.06,2,4,1,124,Regular
13202,393,7,1580.3,3,4,2,234,At Risk
13203,9,10,2648.25,4,4,5,544,Champions
13204,730,1,966.6600000000001,1,3,1,113,Regular
13205,442,1,2803.2,1,4,1,114,Regular
13206,399,13,8308.19,4,5,2,245,At Risk
13207,14,4,535.86,2,2,5,522,New
13208,58,8,1951.82,3,4,4,434,Champions
13209,29,13,8509.51,4,5,4,445,Champions
13210,93,1,353.48,1,2,3,312,Regular
13211,9,10,2618.77,4,4,5,544,Champions
13212,19,3,786.83,2,3,4,423,New
13213,56,11,3851.52,4,5,4,445,Champions
13214,417,7,3264.23,3,5,1,135,At Risk
13215,401,1,81.6,1,1,2,211,Lost
13216,267,1,333.74,1,2,2,212,Lost
13217,121,4,666.48,2,3,3,323,Regular
13218,126,1,62.63999999999999,1,1,3,311,Regular
13219,617,1,76.23,1,1,1,111,Lost
13220,77,5,1336.0900000000001,3,4,3,334,Regular
13221,239,2,844.86,1,3,2,213,Regular
13222,576,1,88.5,1,1,1,111,Lost
13223,199,6,969.1200000000001,3,3,2,233,At Risk
13224,59,2,2152.95,1,4,3,314,Regular
13225,2,16,16260.07,4,5,5,545,Champions
13226,272,2,312.46,1,2,2,212,Lost
13227,201,1,257.7,1,1,2,211,Lost
13228,80,1,358.0,1,2,3,312,Regular
13229,225,1,160.95,1,1,2,211,Lost
13230,3,30,6109.51,4,5,5,545,Champions
13232,12,7,1327.75,3,4,5,534,Champions
13233,73,4,1176.46,2,3,3,323,Regular
13234,672,2,346.5,1,2,1,112,Lost
13235,211,1,1031.07,1,3,2,213,Regular
13236,24,2,744.85,1,3,4,413,New
13237,387,1,643.0,1,3,2,213,Regular
13238,16,6,1006.63,3,3,5,533,Regular
13239,261,5,1594.69,3,4,2,234,At Risk
13240,95,8,1455.39,3,4,3,334,Regular
13241,411,1,112.53,1,1,1,111,Lost
13242,111,7,699.4,3,3,3,333,Regular
13243,202,5,1220.38,3,4,2,234,At Risk
13244,92,1,121.74000000000001,1,1,3,311,Regular
13245,50,2,989.22,1,3,4,413,New
13246,17,11,3351.75,4,5,5,545,Champions
13247,17,4,501.12,2,2,5,522,New
13248,124,2,465.68,1,2,3,312,Regular
13249,91,9,1608.93,4,4,3,344,Regular
13250,460,2,253.09,1,1,1,111,Lost
13251,401,1,252.68,1,1,2,211,Lost
13252,393,2,399.3,1,2,2,212,Lost
13253,156,4,2951.11,2,5,3,325,Regular
13254,375,1,51.410000000000004,1,1,2,211,Lost
13255,8,3,678.76,2,3,5,523,New
13257,435,1,149.75,1,1,1,111,Lost
13258,11,5,1009.43,3,3,5,533,Regular
13259,61,9,1398.79,4,4,3,344,Regular
13260,60,1,557.62,1,2,3,312,Regular
13261,268,2,944.1,1,3,2,213,Regular
13262,262,3,573.45,2,2,2,222,Lost
13263,0,38,8650.98,4,5,5,545,Champions
13264,442,1,722.5600000000001,1,3,1,113,Regular
13265,52,5,2092.66,3,4,4,434,Champions
13266,10,19,6135.04,4,5,5,545,Champions
13267,2,36,9429.81,4,5,5,545,Champions
13268,17,10,3152.71,4,5,5,545,Champions
13269,0,28,8537.32,4,5,5,545,Champions
13270,365,1,590.0,1,2,2,212,Lost
13271,36,1,211.49,1,1,4,411,New
13272,30,2,276.56,1,1,4,411,New
13273,112,1,138.98,1,1,3,311,Regular
13274,408,1,360.85,1,2,2,212,Lost
13275,383,2,238.86,1,1,2,211,Lost
13276,63,5,1891.91,3,4,3,334,Regular
13277,15,7,523.3,3,2,5,532,Regular
13278,40,4,1425.35,2,4,4,424,New
13279,77,1,137.75,1,1,3,311,Regular
13280,121,7,2293.33,3,4,3,334,Regular
13281,438,1,350.85,1,2,1,112,Lost
13282,17,4,1313.19,2,4,5,524,New
13283,59,4,373.36,2,2,3,322,Regular
13284,330,1,201.19,1,1,2,211,Lost
13285,22,6,3364.59,3,5,4,435,Champions
13286,599,1,734.91,1,3,1,113,Regular
13287,602,3,781.59,2,3,1,123,Regular
13288,442,5,927.61,3,3,1,133,At Risk
13289,723,1,307.95,1,2,1,112,Lost
13291,155,11,3270.79,4,5,3,345,Regular
13292,38,5,994.51,3,3,4,433,Regular
13293,391,6,1192.94,3,3,2,233,At Risk
13294,189,3,1689.53,2,4,2,224,Regular
13295,359,4,1101.97,2,3,2,223,Regular
13296,136,6,792.51,3,3,3,333,Regular
13297,7,7,4368.62,3,5,5,535,Champions
13298,0,1,360.0,1,2,5,512,New
13299,267,3,1218.7,2,4,2,224,Regular
13300,168,3,1285.51,2,4,3,324,Regular
13301,103,4,600.19,2,2,3,322,Regular
13302,154,2,159.2,1,1,3,311,Regular
13303,399,1,61.72,1,1,2,211,Lost
13304,350,4,1217.99,2,4,2,224,Regular
13305,3,16,3616.41,4,5,5,545,Champions
13306,429,1,53.65,1,1,1,111,Lost
13307,119,3,273.34,2,1,3,321,Regular
13308,22,4,1670.3700000000001,2,4,4,424,New
13309,6,6,1706.3700000000001,3,4,5,534,Champions
13310,27,5,1541.2,3,4,4,434,Champions
13311,3,2,598.57,1,2,5,512,New
13312,450,1,124.75,1,1,1,111,Lost
13313,21,12,3445.32,4,5,4,445,Champions
13314,1,3,775.94,2,3,5,523,New
13315,688,1,310.26,1,2,1,112,Lost
13316,36,10,12940.82,4,5,4,445,Champions
13317,65,19,6486.09,4,5,3,345,Regular
13318,0,3,640.76,2,3,5,523,New
13319,4,58,21323.22,4,5,5,545,Champions
13320,77,6,2211.6,3,4,3,334,Regular
13321,71,2,567.36,1,2,3,312,Regular
13322,16,1,199.48000000000002,1,1,5,511,New
13323,2,5,787.85,3,3,5,533,Regular
13324,35,18,10513.47,4,5,4,445,Champions
13325,81,1,675.3,1,3,3,313,Regular
13326,431,1,281.76,1,1,1,111,Lost
13327,38,19,9052.87,4,5,4,445,Champions
13328,315,1,1308.48,1,4,2,214,Regular
13329,31,8,4808.77,3,5,4,435,Champions
13330,92,6,2796.1,3,4,3,334,Regular
13331,401,1,262.4,1,1,2,211,Lost
13332,13,1,350.9,1,2,5,512,New
13333,410,3,1015.74,2,3,1,123,Regular
13334,81,5,6201.8,3,5,3,335,Regular
13336,76,1,795.12,1,3,3,313,Regular
13337,545,1,1575.26,1,4,1,114,Regular
13338,157,4,2345.62,2,4,3,324,Regular
13339,200,1,860.12,1,3,2,213,Regular
13340,44,12,22100.56,4,5,4,445,Champions
13341,260,1,775.85,1,3,2,213,Regular
13343,177,1,303.43,1,2,3,312,Regular
13344,67,3,2511.69,2,4,3,324,Regular
13345,287,1,339.5,1,2,2,212,Lost
13346,462,6,299.4,3,2,1,132,Regular
13347,69,1,291.36,1,2,3,312,Regular
13348,63,1,233.76,1,1,3,311,Regular
13349,10,1,197.32,1,1,5,511,New
13350,15,2,879.12,1,3,5,513,New
13351,65,1,323.94,1,2,3,312,Regular
13352,59,1,347.97999999999996,1,2,3,312,Regular
13354,70,1,743.53,1,3,3,313,Regular
13355,121,1,674.7,1,3,3,313,Regular
13356,79,1,768.24,1,3,3,313,Regular
13357,256,5,3795.0099999999998,3,5,2,235,At Risk
13358,268,1,389.03,1,2,2,212,Lost
13359,63,2,943.3100000000001,1,3,3,313,Regular
13360,431,4,1503.65,2,4,1,124,Regular
13361,471,2,1450.5,1,4,1,114,Regular
13362,8,7,5394.07,3,5,5,535,Champions
13363,17,3,1623.86,2,4,5,524,New
13364,70,1,134.95999999999998,1,1,3,311,Regular
13365,33,2,2225.37,1,4,4,414,New
13366,49,1,56.160000000000004,1,1,4,411,New
13367,431,1,460.20000000000005,1,2,1,112,Lost
13368,256,4,1021.5,2,3,2,223,Regular
13369,365,1,258.28000000000003,1,1,2,211,Lost
13370,371,1,754.87,1,3,2,213,Regular
13371,504,2,2297.66,1,4,1,114,Regular
13372,89,1,328.64,1,2,3,312,Regular
13373,60,6,7587.1900000000005,3,5,3,335,Regular
13374,414,2,372.8,1,2,1,112,Lost
13375,88,2,1792.23,1,4,3,314,Regular
13376,98,3,869.76,2,3,3,323,Regular
13377,396,2,1452.88,1,4,2,214,Regular
13379,25,3,572.56,2,2,4,422,New
13380,432,1,62.4,1,1,1,111,Lost
13381,31,12,8224.37,4,5,4,445,Champions
13382,280,5,1387.58,3,4,2,234,At Risk
13383,543,1,305.28000000000003,1,2,1,112,Lost
13384,30,11,6680.83,4,5,4,445,Champions
13385,329,1,534.57,1,2,2,212,Lost
13386,413,2,835.46,1,3,1,113,Regular
13387,416,1,181.84,1,1,1,111,Lost
13388,130,3,1185.65,2,3,3,323,Regular
13389,10,3,797.96,2,3,5,523,New
13390,74,1,544.08,1,2,3,312,Regular
13391,203,1,59.8,1,1,2,211,Lost
13392,676,1,91.14,1,1,1,111,Lost
13393,583,4,1131.45,2,3,1,123,Regular
13394,1,19,6621.7,4,5,5,545,Champions
13395,184,3,1180.23,2,3,3,323,Regular
13396,28,2,1360.99,1,4,4,414,New
13397,72,10,3191.87,4,5,3,345,Regular
13398,191,2,670.34,1,3,2,213,Regular
13399,463,3,275.4,2,1,1,121,Lost
13400,582,1,310.83,1,2,1,112,Lost
13402,126,4,1226.8500000000001,2,4,3,324,Regular
13403,17,3,229.5,2,1,5,521,New
13404,0,2,252.49,1,1,5,511,New
13405,203,5,1198.81,3,3,2,233,At Risk
13406,426,2,568.92,1,2,1,112,Lost
13407,578,3,2244.7,2,4,1,124,Regular
13408,1,106,50174.78,4,5,5,545,Champions
13410,23,9,2201.96,4,4,4,444,Champions
13411,106,1,213.55,1,1,3,311,Regular
13412,619,1,487.34999999999997,1,2,1,112,Lost
13413,639,6,429.44,3,2,1,132,Regular
13414,133,6,2494.14,3,4,3,334,Regular
13415,472,4,784.17,2,3,1,123,Regular
13416,43,3,940.8000000000001,2,3,4,423,New
13417,4,6,1669.49,3,4,5,534,Champions
13418,11,31,11559.66,4,5,5,545,Champions
13419,63,1,221.06,1,1,3,311,Regular
13420,149,2,159.85,1,1,3,311,Regular
13421,39,8,4048.25,3,5,4,435,Champions
13422,63,1,2626.3,1,4,3,314,Regular
13423,428,1,217.03,1,1,1,111,Lost
13424,449,1,572.77,1,2,1,112,Lost
13425,107,5,3390.4300000000003,3,5,3,335,Regular
13426,0,22,8167.38,4,5,5,545,Champions
13427,18,6,1006.53,3,3,5,533,Regular
13428,9,3,478.54,2,2,5,522,New
13429,10,4,1006.8,2,3,5,523,New
13430,18,2,679.45,1,3,5,513,New
13431,66,8,3316.24,3,5,3,335,Regular
13432,570,2,436.55,1,2,1,112,Lost
13433,500,4,658.3199999999999,2,3,1,123,Regular
13434,73,5,1666.8600000000001,3,4,3,334,Regular
13435,4,9,4447.33,4,5,5,545,Champions
13436,1,1,196.89,1,1,5,511,New
13437,13,7,3408.06,3,5,5,535,Champions
13438,546,1,46.5,1,1,1,111,Lost
13439,254,3,986.61,2,3,2,223,Regular
13440,422,7,1295.25,3,4,1,134,At Risk
13441,91,2,720.9,1,3,3,313,Regular
13442,666,3,419.87,2,2,1,122,Lost
13443,448,6,1269.3700000000001,3,4,1,134,At Risk
13444,373,2,619.08,1,3,2,213,Regular
13445,625,1,241.89999999999998,1,1,1,111,Lost
13446,429,11,3881.89,4,5,1,145,At Risk
13447,22,3,1129.14,2,3,4,423,New
13448,16,12,8386.22,4,5,5,545,Champions
13449,23,1,291.88,1,2,4,412,New
13450,26,13,4120.04,4,5,4,445,Champions
13451,25,11,7088.92,4,5,4,445,Champions
13452,258,3,729.8,2,3,2,223,Regular
13453,165,3,781.6899999999999,2,3,3,323,Regular
13454,640,1,219.87,1,1,1,111,Lost
13455,24,6,2212.9900000000002,3,4,4,434,Champions
13456,17,6,1766.72,3,4,5,534,Champions
13457,688,2,148.22,1,1,1,111,Lost
13458,6,16,11959.27,4,5,5,545,Champions
13459,624,2,1160.4099999999999,1,3,1,113,Regular
13460,28,2,183.44,1,1,4,411,New
13461,38,6,4160.0,3,5,4,435,Champions
13462,252,5,1153.85,3,3,2,233,At Risk
13464,57,6,3097.64,3,5,4,435,Champions
13465,445,2,931.12,1,3,1,113,Regular
13466,183,5,1013.35,3,3,3,333,Regular
13467,10,2,1071.91,1,3,5,513,New
13468,1,72,12793.28,4,5,5,545,Champions
13469,652,1,82.4,1,1,1,111,Lost
13470,98,2,165.0,1,1,3,311,Regular
13471,0,4,2501.84,2,4,5,524,New
13472,463,2,592.24,1,2,1,112,Lost
13473,60,8,2657.7599999999998,3,4,3,334,Regular
13474,235,3,646.59,2,3,2,223,Regular
13475,190,4,1431.78,2,4,2,224,Regular
13476,178,5,2061.4700000000003,3,4,3,334,Regular
13477,37,11,2819.17,4,4,4,444,Champions
13478,468,5,2215.78,3,4,1,134,At Risk
13479,200,4,851.37,2,3,2,223,Regular
13480,416,2,627.82,1,3,1,113,Regular
13481,45,11,3830.84,4,5,4,445,Champions
13482,231,2,336.09,1,2,2,212,Lost
13483,65,1,140.34,1,1,3,311,Regular
13484,240,3,790.72,2,3,2,223,Regular
13485,232,11,3015.2200000000003,4,5,2,245,At Risk
13486,77,3,1122.41,2,3,3,323,Regular
13487,57,5,846.87,3,3,4,433,Regular
13488,16,23,14205.96,4,5,5,545,Champions
13489,104,4,449.52,2,2,3,322,Regular
13490,653,1,154.25,1,1,1,111,Lost
13491,51,27,4467.66,4,5,4,445,Champions
13492,135,3,1269.84,2,4,3,324,Regular
13493,274,2,498.63,1,2,2,212,Lost
13494,311,1,316.26000000000005,1,2,2,212,Lost
13495,7,10,4863.31,4,5,5,545,Champions
13496,10,2,653.33,1,3,5,513,New
13497,282,6,1166.83,3,3,2,233,At Risk
13498,729,1,327.38,1,2,1,112,Lost
13499,17,5,1159.11,3,3,5,533,Regular
13500,22,4,1466.3,2,4,4,424,New
13501,287,3,2885.11,2,5,2,225,Regular
13502,16,5,780.5,3,3,5,533,Regular
13503,70,5,1778.04,3,4,3,334,Regular
13504,63,1,295.93,1,2,3,312,Regular
13505,72,4,3633.63,2,5,3,325,Regular
13506,315,5,1338.08,3,4,2,234,At Risk
13507,2,4,2479.16,2,4,5,524,New
13508,243,2,287.05,1,2,2,212,Lost
13509,8,7,1099.72,3,3,5,533,Regular
13510,0,11,4558.29,4,5,5,545,Champions
13511,676,1,282.76,1,1,1,111,Lost
13512,260,4,713.39,2,3,2,223,Regular
13513,126,3,824.59,2,3,3,323,Regular
13514,73,4,815.9000000000001,2,3,3,323,Regular
13515,72,6,1265.82,3,4,3,334,Regular
13516,20,4,1685.26,2,4,4,424,New
13517,59,3,2128.42,2,4,3,324,Regular
13518,85,1,627.16,1,3,3,313,Regular
13519,77,2,343.21,1,2,3,312,Regular
13520,58,11,5446.0,4,5,4,445,Champions
13521,0,3,1070.47,2,3,5,523,New
13522,29,1,125.80000000000001,1,1,4,411,New
13523,32,6,4534.57,3,5,4,435,Champions
13524,40,5,680.1800000000001,3,3,4,433,Regular
13525,14,2,628.78,1,3,5,513,New
13526,737,2,1182.0,1,3,1,113,Regular
13527,33,12,4541.29,4,5,4,445,Champions
13529,78,2,307.76,1,2,3,312,Regular
13530,633,1,402.97999999999996,1,2,1,112,Lost
13531,204,6,1433.07,3,4,2,234,At Risk
13532,33,1,210.31,1,1,4,411,New
13533,182,3,269.09,2,1,3,321,Regular
13534,1,35,7720.9,4,5,5,545,Champions
13535,402,1,89.5,1,1,2,211,Lost
13536,0,7,3444.39,3,5,5,535,Champions
13537,425,2,717.85,1,3,1,113,Regular
13538,42,12,3103.13,4,5,4,445,Champions
13539,85,7,1569.3600000000001,3,4,3,334,Regular
13540,466,3,632.39,2,3,1,123,Regular
13541,426,2,785.25,1,3,1,113,Regular
13542,376,17,3959.4900000000002,4,5,2,245,At Risk
13543,633,2,1439.6100000000001,1,4,1,114,Regular
13544,39,6,790.2,3,3,4,433,Regular
13545,390,2,364.93,1,2,2,212,Lost
13546,11,5,1086.24,3,3,5,533,Regular
13547,407,1,164.53,1,1,2,211,Lost
13548,95,3,901.44,2,3,3,323,Regular
13549,25,8,1005.8,3,3,4,433,Regular
13550,382,1,342.55,1,2,2,212,Lost
13551,318,2,244.2,1,1,2,211,Lost
13552,65,22,6948.92,4,5,3,345,Regular
13553,674,1,499.6,1,2,1,112,Lost
13554,379,7,1629.35,3,4,2,234,At Risk
13555,73,13,8891.84,4,5,3,345,Regular
13556,428,2,200.82,1,1,1,111,Lost
13557,27,13,3032.26,4,5,4,445,Champions
13558,5,4,594.52,2,2,5,522,New
13559,512,2,990.0,1,3,1,113,Regular
13560,6,1,171.42000000000002,1,1,5,511,New
13561,215,11,1803.4,4,4,2,244,At Risk
13562,81,8,4838.18,3,5,3,335,Regular
13563,83,2,777.53,1,3,3,313,Regular
13564,353,36,15880.22,4,5,2,245,At Risk
13565,18,3,414.8,2,2,5,522,New
13566,40,5,1684.75,3,4,4,434,Champions
13567,427,4,1079.29,2,3,1,123,Regular
13568,172,1,187.05,1,1,3,311,Regular
13569,16,4,725.04,2,3,5,523,New
13570,242,1,239.49,1,1,2,211,Lost
13571,12,26,4537.26,4,5,5,545,Champions
13572,205,1,1384.25,1,4,2,214,Regular
13573,49,6,903.07,3,3,4,433,Regular
13574,410,1,404.45,1,2,1,112,Lost
13575,22,5,732.0699999999999,3,3,4,433,Regular
13576,9,28,11202.59,4,5,5,545,Champions
13577,24,11,3484.28,4,5,4,445,Champions
13578,408,1,147.66,1,1,2,211,Lost
13579,14,5,1374.34,3,4,5,534,Champions
13580,405,1,107.75,1,1,2,211,Lost
13581,308,2,280.53000000000003,1,1,2,211,Lost
13582,389,2,241.68,1,1,2,211,Lost
13583,155,2,1445.03,1,4,3,314,Regular
13584,306,3,385.7,2,2,2,222,Lost
13585,530,3,684.54,2,3,1,123,Regular
13586,540,1,127.28,1,1,1,111,Lost
13587,63,4,1673.5,2,4,3,324,Regular
13588,15,9,2478.95,4,4,5,544,Champions
13589,14,6,1120.74,3,3,5,533,Regular
13590,10,18,6336.04,4,5,5,545,Champions
13591,64,7,2093.94,3,4,3,334,Regular
13592,35,4,247.95999999999998,2,1,4,421,New
13593,107,14,5493.29,4,5,3,345,Regular
13594,52,2,533.32,1,2,4,412,New
13595,516,3,784.48,2,3,1,123,Regular
13596,5,2,664.11,1,3,5,513,New
13597,399,2,396.71,1,2,2,212,Lost
13598,46,5,761.96,3,3,4,433,Regular
13599,0,33,9811.04,4,5,5,545,Champions
13600,311,2,518.42,1,2,2,212,Lost
13601,44,4,1159.99,2,3,4,423,New
13602,64,4,1025.17,2,3,3,323,Regular
13603,25,1,164.34,1,1,4,411,New
13604,658,1,717.62,1,3,1,113,Regular
13605,386,2,522.67,1,2,2,212,Lost
13606,28,3,276.75,2,1,4,421,New
13607,39,2,1075.81,1,3,4,413,New
13608,540,1,232.05,1,1,1,111,Lost
13609,592,1,167.35,1,1,1,111,Lost
13610,11,14,2102.46,4,4,5,544,Champions
13611,88,10,3297.9300000000003,4,5,3,345,Regular
13612,632,1,818.29,1,3,1,113,Regular
13613,452,5,1039.8500000000001,3,3,1,133,At Risk
13614,23,6,2332.74,3,4,4,434,Champions
13615,318,8,6272.53,3,5,2,235,At Risk
13616,567,2,283.85,1,1,1,111,Lost
13617,39,8,1278.75,3,4,4,434,Champions
13618,173,1,177.34,1,1,3,311,Regular
13619,544,2,223.44,1,1,1,111,Lost
13620,527,1,112.34,1,1,1,111,Lost
13621,116,1,213.85,1,1,3,311,Regular
13622,695,1,658.95,1,3,1,113,Regular
13623,30,10,2533.06,4,4,4,444,Champions
13624,387,1,462.08,1,2,2,212,Lost
13625,596,1,301.26,1,2,1,112,Lost
13626,252,2,707.04,1,3,2,213,Regular
13627,58,7,2245.9,3,4,4,434,Champions
13628,675,1,310.14,1,2,1,112,Lost
13629,22,19,13370.86,4,5,4,445,Champions
13630,4,7,2031.78,3,4,5,534,Champions
13631,99,11,3070.42,4,5,3,345,Regular
13632,24,8,3645.81,3,5,4,435,Champions
13634,32,15,4988.08,4,5,4,445,Champions
13635,67,4,2999.16,2,5,3,325,Regular
13636,36,5,949.12,3,3,4,433,Regular
13637,51,3,803.05,2,3,4,423,New
13638,15,1,122.64,1,1,5,511,New
13639,73,2,1346.27,1,4,3,314,Regular
13640,610,1,405.0,1,2,1,112,Lost
13641,640,4,942.37,2,3,1,123,Regular
13642,215,4,472.2,2,2,2,222,Lost
13643,30,10,2156.77,4,4,4,444,Champions
13644,15,4,2624.26,2,4,5,524,New
13645,119,1,252.1,1,1,3,311,Regular
13646,399,2,326.25,1,2,2,212,Lost
13647,9,8,3041.68,3,5,5,535,Champions
13648,399,8,1759.07,3,4,2,234,At Risk
13649,256,6,1453.68,3,4,2,234,At Risk
13650,16,10,3288.0,4,5,5,545,Champions
13651,39,2,211.85,1,1,4,411,New
13652,45,5,2262.05,3,4,4,434,Champions
13653,487,1,152.2,1,1,1,111,Lost
13654,42,11,6308.0,4,5,4,445,Champions
13655,113,6,2280.51,3,4,3,334,Regular
13656,164,4,1078.85,2,3,3,323,Regular
13657,10,2,382.14,1,2,5,512,New
13658,9,9,6025.5,4,5,5,545,Champions
13659,205,12,4884.68,4,5,2,245,At Risk
13660,399,1,306.64,1,2,2,212,Lost
13661,602,1,325.24,1,2,1,112,Lost
13662,85,11,2233.61,4,4,3,344,Regular
13663,178,5,2047.51,3,4,3,334,Regular
13665,385,3,1711.6599999999999,2,4,2,224,Regular
13666,59,5,127.05,3,1,3,331,Regular
13667,148,1,299.05,1,2,3,312,Regular
13668,2,35,12948.48,4,5,5,545,Champions
13669,50,3,413.55,2,2,4,422,New
13670,74,1,349.7,1,2,3,312,Regular
13671,394,1,172.6,1,1,2,211,Lost
13672,300,3,419.92,2,2,2,222,Lost
13673,18,2,387.44,1,2,5,512,New
13674,432,1,240.68,1,1,1,111,Lost
13675,150,2,486.82000000000005,1,2,3,312,Regular
13676,538,2,243.9,1,1,1,111,Lost
13677,404,2,551.24,1,2,2,212,Lost
13678,151,1,232.6,1,1,3,311,Regular
13679,493,3,281.26,2,1,1,121,Lost
13680,0,12,11419.67,4,5,5,545,Champions
13681,17,4,827.83,2,3,5,523,New
13682,186,1,59.5,1,1,3,311,Regular
13683,457,1,258.6,1,1,1,111,Lost
13684,285,4,594.88,2,2,2,222,Lost
13685,2,7,3119.44,3,5,5,535,Champions
13686,182,3,409.04,2,2,3,322,Regular
13687,437,1,11880.84,1,5,1,115,Regular
13688,634,1,375.5,1,2,1,112,Lost
13689,62,2,1259.5,1,4,3,314,Regular
13690,58,1,172.25,1,1,4,411,New
13691,395,1,210.78,1,1,2,211,Lost
13692,24,5,3114.4,3,5,4,435,Champions
13693,373,9,2011.82,4,4,2,244,At Risk
13694,3,143,195640.69,4,5,5,545,Champions
13695,30,16,2770.73,4,4,4,444,Champions
13696,421,3,2020.4,2,4,1,124,Regular
13697,38,1,151.29999999999998,1,1,4,411,New
13698,596,2,451.73,1,2,1,112,Lost
13699,154,2,764.15,1,3,3,313,Regular
13700,25,13,2596.9700000000003,4,4,4,444,Champions
13701,446,1,161.0,1,1,1,111,Lost
13702,445,1,135.18,1,1,1,111,Lost
13703,317,2,425.56,1,2,2,212,Lost
13704,4,9,2308.06,4,4,5,544,Champions
13705,7,7,1717.19,3,4,5,534,Champions
13706,302,2,631.17,1,3,2,213,Regular
13707,266,5,3365.86,3,5,2,235,At Risk
13708,270,1,283.33,1,1,2,211,Lost
13709,3,18,7571.35,4,5,5,545,Champions
13710,31,3,509.52,2,2,4,422,New
13711,218,9,1792.26,4,4,2,244,At Risk
13712,246,2,766.42,1,3,2,213,Regular
13713,407,3,740.76,2,3,2,223,Regular
13714,464,1,161.35,1,1,1,111,Lost
13715,280,17,8153.04,4,5,2,245,At Risk
13716,268,1,138.28,1,1,2,211,Lost
13717,31,8,1763.3,3,4,4,434,Champions
13718,245,2,306.55,1,2,2,212,Lost
13719,14,11,2782.1,4,4,5,544,Champions
13720,116,4,799.9,2,3,3,323,Regular
13721,35,2,741.54,1,3,4,413,New
13722,131,10,5635.41,4,5,3,345,Regular
13723,216,6,1194.08,3,3,2,233,At Risk
13724,636,1,213.01,1,1,1,111,Lost
13725,49,8,1980.56,3,4,4,434,Champions
13726,38,2,1079.6599999999999,1,3,4,413,New
13727,28,8,1074.15,3,3,4,433,Regular
13728,36,16,2855.17,4,4,4,444,Champions
13729,435,3,724.73,2,3,1,123,Regular
13730,135,2,752.6,1,3,3,313,Regular
13731,218,2,610.59,1,3,2,213,Regular
13732,27,1,491.86,1,2,4,412,New
13733,410,2,487.03000000000003,1,2,1,112,Lost
13734,508,4,6695.6900000000005,2,5,1,125,Regular
13735,24,13,9762.77,4,5,4,445,Champions
13736,4,7,2752.47,3,4,5,534,Champions
13737,199,1,339.59999999999997,1,2,2,212,Lost
13738,395,1,434.78000000000003,1,2,2,212,Lost
13739,17,2,292.2,1,2,5,512,New
13740,240,5,1582.77,3,4,2,234,At Risk
13741,71,3,668.4300000000001,2,3,3,323,Regular
13742,16,12,3107.87,4,5,5,545,Champions
13743,2,7,1341.6,3,4,5,534,Champions
13744,94,2,1080.52,1,3,3,313,Regular
13745,161,2,777.36,1,3,3,313,Regular
13746,413,1,176.69,1,1,1,111,Lost
13747,373,2,169.79999999999998,1,1,2,211,Lost
13748,95,9,2064.35,4,4,3,344,Regular
13750,53,11,3602.1800000000003,4,5,4,445,Champions
13751,287,1,296.25,1,2,2,212,Lost
13752,123,7,1579.8300000000002,3,4,3,334,Regular
13753,287,4,2094.57,2,4,2,224,Regular
13754,151,3,447.05,2,2,3,322,Regular
13755,3,9,2108.06,4,4,5,544,Champions
13756,1,23,8655.95,4,5,5,545,Champions
13757,674,1,195.55,1,1,1,111,Lost
13758,11,14,8595.29,4,5,5,545,Champions
13759,32,2,659.4100000000001,1,3,4,413,New
13760,53,5,1363.6399999999999,3,4,4,434,Champions
13761,49,6,1952.17,3,4,4,434,Champions
13762,218,5,2472.48,3,4,2,234,At Risk
13763,62,3,5217.4400000000005,2,5,3,325,Regular
13764,70,6,2908.67,3,5,3,335,Regular
13765,652,1,352.82,1,2,1,112,Lost
13766,494,1,190.35,1,1,1,111,Lost
13767,1,73,33903.57,4,5,5,545,Champions
13768,726,2,875.97,1,3,1,113,Regular
13769,1,20,5478.12,4,5,5,545,Champions
13770,421,4,785.37,2,3,1,123,Regular
13771,63,9,5728.82,4,5,3,345,Regular
13772,33,8,3100.02,3,5,4,435,Champions
13773,396,2,301.54,1,2,2,212,Lost
13774,81,1,345.0,1,2,3,312,Regular
13775,590,1,1049.66,1,3,1,113,Regular
13777,0,61,49638.26,4,5,5,545,Champions
13778,102,4,1124.49,2,3,3,323,Regular
13779,515,1,161.13,1,1,1,111,Lost
13780,6,3,732.07,2,3,5,523,New
13781,250,3,778.83,2,3,2,223,Regular
13782,12,13,1786.08,4,4,5,544,Champions
13783,487,4,1542.09,2,4,1,124,Regular
13784,9,14,2910.23,4,5,5,545,Champions
13785,428,4,542.49,2,2,1,122,Lost
13786,366,6,3127.99,3,5,2,235,At Risk
13787,75,6,1222.5,3,4,3,334,Regular
13788,504,1,3.75,1,1,1,111,Lost
13789,387,1,239.45999999999998,1,1,2,211,Lost
13790,3,1,348.8,1,2,5,512,New
13791,127,2,1516.0,1,4,3,314,Regular
13792,65,3,383.95,2,2,3,322,Regular
13793,646,1,96.0,1,1,1,111,Lost
13794,546,1,126.03,1,1,1,111,Lost
13795,387,4,836.3,2,3,2,223,Regular
13796,498,1,289.7,1,2,1,112,Lost
13797,436,3,1179.45,2,3,1,123,Regular
13798,0,110,75428.87,4,5,5,545,Champions
13799,116,9,2803.57,4,4,3,344,Regular
13800,309,3,1679.56,2,4,2,224,Regular
13801,66,1,324.8,1,2,3,312,Regular
13802,138,19,26259.11,4,5,3,345,Regular
13803,254,3,1338.91,2,4,2,224,Regular
13804,30,9,3161.12,4,5,4,445,Champions
13805,51,2,924.6,1,3,4,413,New
13806,63,1,256.38,1,1,3,311,Regular
13807,366,3,422.2,2,2,2,222,Lost
13808,5,5,1747.66,3,4,5,534,Champions
13809,304,3,679.7,2,3,2,223,Regular
13810,28,2,827.51,1,3,4,413,New
13811,183,2,519.75,1,2,3,312,Regular
13812,41,3,485.0,2,2,4,422,New
13813,39,8,2387.4700000000003,3,4,4,434,Champions
13814,91,3,2257.32,2,4,3,324,Regular
13815,21,8,6737.74,3,5,4,435,Champions
13816,23,2,499.67,1,2,4,412,New
13817,28,2,328.98,1,2,4,412,New
13818,429,1,61.28,1,1,1,111,Lost
13819,301,6,2642.35,3,4,2,234,At Risk
13820,417,3,652.75,2,3,1,123,Regular
13821,144,6,1379.08,3,4,3,334,Regular
13822,5,2,632.0,1,3,5,513,New
13823,18,7,3403.4500000000003,3,5,5,535,Champions
13824,32,12,3314.76,4,5,4,445,Champions
13825,621,2,255.59,1,1,1,111,Lost
13826,175,1,189.5,1,1,3,311,Regular
13827,57,3,409.8,2,2,4,422,New
13828,21,1,209.49,1,1,4,411,New
13829,420,1,102.0,1,1,1,111,Lost
13830,581,1,156.85000000000002,1,1,1,111,Lost
13831,15,18,6585.54,4,5,5,545,Champions
13832,18,2,609.89,1,3,5,513,New
13833,158,2,700.41,1,3,3,313,Regular
13834,576,2,324.19,1,2,1,112,Lost
13835,24,7,1095.27,3,3,4,433,Regular
13836,398,2,620.37,1,3,2,213,Regular
13837,211,2,266.59000000000003,1,1,2,211,Lost
13838,5,10,1690.07,4,4,5,544,Champions
13839,485,1,139.95000000000002,1,1,1,111,Lost
13840,415,1,651.4,1,3,1,113,Regular
13841,252,1,85.0,1,1,2,211,Lost
13842,58,18,5319.34,4,5,4,445,Champions
13843,380,1,319.75,1,2,2,212,Lost
13844,10,1,361.62,1,2,5,512,New
13845,64,1,312.98,1,2,3,312,Regular
13846,24,4,1307.79,2,4,4,424,New
13847,719,1,310.72,1,2,1,112,Lost
13848,91,8,3015.0,3,5,3,335,Regular
13849,51,5,3469.3,3,5,4,435,Champions
13850,128,1,1595.48,1,4,3,314,Regular
13851,95,8,4606.46,3,5,3,335,Regular
13852,610,1,187.35000000000002,1,1,1,111,Lost
13853,56,1,1090.14,1,3,4,413,New
13854,8,39,11944.56,4,5,5,545,Champions
13855,500,4,1310.3400000000001,2,4,1,124,Regular
13856,168,11,1142.03,4,3,3,343,Regular
13857,392,6,1000.91,3,3,2,233,At Risk
13858,56,1,216.17,1,1,4,411,New
13859,325,2,515.86,1,2,2,212,Lost
13860,0,5,1245.9,3,4,5,534,Champions
13861,428,2,273.26,1,1,1,111,Lost
13862,17,9,2556.09,4,4,5,544,Champions
13863,247,4,1239.55,2,4,2,224,Regular
13864,386,1,662.4000000000001,1,3,2,213,Regular
13865,57,4,501.56,2,2,4,422,New
13866,73,1,145.67000000000002,1,1,3,311,Regular
13867,30,3,1005.09,2,3,4,423,New
13868,6,2,3192.54,1,5,5,515,New
13869,122,10,7996.87,4,5,3,345,Regular
13870,1,15,5712.08,4,5,5,545,Champions
13871,22,17,7885.85,4,5,4,445,Champions
13872,526,3,919.57,2,3,1,123,Regular
13873,119,8,1038.92,3,3,3,333,Regular
13874,357,7,2049.15,3,4,2,234,At Risk
13875,53,14,4814.37,4,5,4,445,Champions
13876,63,1,122.7,1,1,3,311,Regular
13877,85,3,449.68,2,2,3,322,Regular
13878,54,4,2416.9,2,4,4,424,New
13879,645,1,395.5,1,2,1,112,Lost
13880,20,17,4293.86,4,5,4,445,Champions
13881,3,43,45179.1,4,5,5,545,Champions
13882,2,5,1191.13,3,3,5,533,Regular
13883,10,14,6535.37,4,5,5,545,Champions
13884,6,10,1825.03,4,4,5,544,Champions
13885,188,2,506.8,1,2,2,212,Lost
13886,70,1,243.56,1,1,3,311,Regular
13887,203,1,349.55,1,2,2,212,Lost
13888,119,7,2001.59,3,4,3,334,Regular
13889,92,6,1991.23,3,4,3,334,Regular
13890,0,14,2927.38,4,5,5,545,Champions
13891,377,3,859.21,2,3,2,223,Regular
13892,26,6,1267.6499999999999,3,4,4,434,Champions
13893,297,1,821.1,1,3,2,213,Regular
13894,23,3,564.62,2,2,4,422,New
13895,27,6,4008.52,3,5,4,435,Champions
13896,625,1,388.55,1,2,1,112,Lost
13897,49,3,1160.72,2,3,4,423,New
13898,325,2,686.4,1,3,2,213,Regular
13899,15,2,388.52,1,2,5,512,New
13900,182,6,1610.59,3,4,3,334,Regular
13901,71,15,5676.34,4,5,3,345,Regular
13902,631,5,34023.26,3,5,1,135,At Risk
13903,399,1,165.45000000000002,1,1,2,211,Lost
13904,36,2,332.64,1,2,4,412,New
13905,732,1,312.65,1,2,1,112,Lost
13906,408,1,42.0,1,1,2,211,Lost
13907,691,1,136.8,1,1,1,111,Lost
13908,79,4,2319.55,2,4,3,324,Regular
13909,422,2,282.85,1,1,1,111,Lost
13911,56,20,4234.99,4,5,4,445,Champions
13912,423,1,124.95,1,1,1,111,Lost
13913,506,1,42.22,1,1,1,111,Lost
13914,11,2,626.45,1,3,5,513,New
13915,393,1,70.80000000000001,1,1,2,211,Lost
13916,463,4,1275.81,2,4,1,124,Regular
13917,49,2,272.04,1,1,4,411,New
13918,49,2,1212.8400000000001,1,4,4,414,New
13919,58,4,1252.68,2,4,4,424,New
13920,431,4,1774.68,2,4,1,124,Regular
13921,401,4,730.7,2,3,2,223,Regular
13922,351,3,865.2,2,3,2,223,Regular
13923,53,1,351.13,1,2,4,412,New
13924,1,6,1838.8500000000001,3,4,5,534,Champions
13925,92,4,678.25,2,3,3,323,Regular
13926,22,1,223.85000000000002,1,1,4,411,New
13927,74,2,708.26,1,3,3,313,Regular
13928,10,4,464.57,2,2,5,522,New
13929,168,11,3494.1,4,5,3,345,Regular
13930,57,2,337.34,1,2,4,412,New
13931,95,11,5257.38,4,5,3,345,Regular
13932,294,1,307.4,1,2,2,212,Lost
13933,108,2,608.7900000000001,1,3,3,313,Regular
13934,263,1,922.1,1,3,2,213,Regular
13935,596,3,6116.92,2,5,1,125,Regular
13936,179,3,939.66,2,3,3,323,Regular
13937,168,2,880.13,1,3,3,313,Regular
13938,34,1,71.66,1,1,4,411,New
13939,22,7,1560.96,3,4,4,434,Champions
13940,16,4,839.14,2,3,5,523,New
13941,21,15,10027.18,4,5,4,445,Champions
13942,534,1,320.0,1,2,1,112,Lost
13943,577,1,246.54,1,1,1,111,Lost
13944,652,1,200.43,1,1,1,111,Lost
13945,394,2,854.15,1,3,2,213,Regular
13946,78,6,1876.23,3,4,3,334,Regular
13947,64,1,90.6,1,1,3,311,Regular
13948,360,4,548.76,2,2,2,222,Lost
13949,2,6,2427.32,3,4,5,534,Champions
13950,10,4,745.06,2,3,5,523,New
13951,175,3,674.45,2,3,3,323,Regular
13952,217,14,12823.52,4,5,2,245,At Risk
13953,6,12,6640.68,4,5,5,545,Champions
13954,1,2,439.92,1,2,5,512,New
13955,153,3,544.0699999999999,2,2,3,322,Regular
13956,4,5,1019.27,3,3,5,533,Regular
13957,417,3,458.25,2,2,1,122,Lost
13958,379,8,4709.2300000000005,3,5,2,235,At Risk
13959,78,6,1064.77,3,3,3,333,Regular
13960,20,2,230.22,1,1,4,411,New
13961,391,1,538.4,1,2,2,212,Lost
13962,21,3,362.8,2,2,4,422,New
13963,307,17,2860.57,4,4,2,244,At Risk
13964,386,2,438.9,1,2,2,212,Lost
13965,476,3,996.61,2,3,1,123,Regular
13966,434,1,384.26,1,2,1,112,Lost
13967,145,2,166.3,1,1,3,311,Regular
13968,422,1,123.66,1,1,1,111,Lost
13969,6,35,12973.460000000001,4,5,5,545,Champions
13970,385,2,846.55,1,3,2,213,Regular
13971,18,14,4667.57,4,5,5,545,Champions
13972,70,2,190.25,1,1,3,311,Regular
13973,286,1,264.7,1,1,2,211,Lost
13974,48,2,677.72,1,3,4,413,New
13975,30,12,5256.4,4,5,4,445,Champions
13976,206,4,1192.36,2,3,2,223,Regular
13977,410,1,519.8100000000001,1,2,1,112,Lost
13978,14,2,196.79000000000002,1,1,5,511,New
13979,72,7,3373.63,3,5,3,335,Regular
13980,59,5,768.82,3,3,3,333,Regular
13981,415,1,331.14,1,2,1,112,Lost
13982,38,9,3954.29,4,5,4,445,Champions
13983,29,21,6753.89,4,5,4,445,Champions
13984,26,12,1893.8,4,4,4,444,Champions
13985,3,22,10020.86,4,5,5,545,Champions
13986,16,1,320.46,1,2,5,512,New
13987,379,2,682.54,1,3,2,213,Regular
13988,19,8,4757.8,3,5,4,435,Champions
13989,65,5,2026.06,3,4,3,334,Regular
13990,212,1,311.3,1,2,2,212,Lost
13991,11,6,851.88,3,3,5,533,Regular
13992,29,3,219.5,2,1,4,421,New
13993,42,19,6775.71,4,5,4,445,Champions
13994,3,6,2274.14,3,4,5,534,Champions
13995,14,14,3902.01,4,5,5,545,Champions
13996,385,2,845.76,1,3,2,213,Regular
13997,518,3,376.46,2,2,1,122,Lost
13998,446,3,566.7,2,2,1,122,Lost
13999,9,29,9502.26,4,5,5,545,Champions
14000,210,5,2046.3400000000001,3,4,2,234,At Risk
14001,45,9,4228.85,4,5,4,445,Champions
14002,133,2,529.73,1,2,3,312,Regular
14003,732,1,209.41,1,1,1,111,Lost
14004,42,11,6258.45,4,5,4,445,Champions
14005,9,5,2874.72,3,4,5,534,Champions
14006,115,7,2196.67,3,4,3,334,Regular
14007,512,1,79.48,1,1,1,111,Lost
14008,431,1,509.04,1,2,1,112,Lost
14009,197,3,1099.91,2,3,2,223,Regular
14010,564,2,445.15,1,2,1,112,Lost
14011,479,2,457.82,1,2,1,112,Lost
14012,277,1,328.8,1,2,2,212,Lost
14013,109,5,1084.57,3,3,3,333,Regular
14014,76,3,1948.21,2,4,3,324,Regular
14015,52,1,917.34,1,3,4,413,New
14016,161,11,11303.41,4,5,3,345,Regular
14017,570,1,229.75,1,1,1,111,Lost
14018,644,1,367.15000000000003,1,2,1,112,Lost
14019,46,3,1421.61,2,4,4,424,New
14020,16,4,1249.01,2,4,5,524,New
14021,154,7,1716.58,3,4,3,334,Regular
14022,224,2,792.15,1,3,2,213,Regular
14023,6,2,584.07,1,2,5,512,New
14024,121,3,645.74,2,3,3,323,Regular
14025,464,8,4057.9,3,5,1,135,At Risk
14026,470,2,713.11,1,3,1,113,Regular
14027,60,1,104.82,1,1,3,311,Regular
14028,549,3,10396.5,2,5,1,125,Regular
14029,62,2,467.66,1,2,3,312,Regular
14030,17,20,7521.8,4,5,5,545,Champions
14031,6,44,39019.51,4,5,5,545,Champions
14032,1,16,4546.41,4,5,5,545,Champions
14033,554,1,109.44,1,1,1,111,Lost
14034,21,3,648.89,2,3,4,423,New
14035,28,9,2794.75,4,4,4,444,Champions
14036,284,1,626.65,1,3,2,213,Regular
14037,175,6,836.95,3,3,3,333,Regular
14038,77,5,3069.88,3,5,3,335,Regular
14039,32,2,267.28000000000003,1,1,4,411,New
14040,40,35,12523.81,4,5,4,445,Champions
14041,265,1,141.41,1,1,2,211,Lost
14042,724,1,431.98,1,2,1,112,Lost
14043,490,2,302.6,1,2,1,112,Lost
14044,26,10,3073.95,4,5,4,445,Champions
14045,108,16,10986.63,4,5,3,345,Regular
14046,283,1,151.59,1,1,2,211,Lost
14047,8,14,3968.11,4,5,5,545,Champions
14048,304,3,748.69,2,3,2,223,Regular
14049,16,13,13023.4,4,5,5,545,Champions
14050,31,2,746.36,1,3,4,413,New
14051,0,37,21770.98,4,5,5,545,Champions
14052,19,2,466.66,1,2,4,412,New
14053,123,4,572.3,2,2,3,322,Regular
14054,64,1,92.46,1,1,3,311,Regular
14055,105,3,1520.96,2,4,3,324,Regular
14056,0,23,8152.71,4,5,5,545,Champions
14057,23,22,8346.66,4,5,4,445,Champions
14058,462,2,469.19,1,2,1,112,Lost
14059,266,1,183.6,1,1,2,211,Lost
14060,4,30,8898.24,4,5,5,545,Champions
14061,506,3,917.4300000000001,2,3,1,123,Regular
14062,9,24,25585.65,4,5,5,545,Champions
14063,686,7,9471.5,3,5,1,135,At Risk
14064,28,15,3260.24,4,5,4,445,Champions
14065,388,3,891.02,2,3,2,223,Regular
14066,266,1,152.55,1,1,2,211,Lost
14067,63,2,374.7,1,2,3,312,Regular
14068,319,4,1516.72,2,4,2,224,Regular
14069,514,2,225.81,1,1,1,111,Lost
14070,684,1,321.6,1,2,1,112,Lost
14071,3,8,1422.75,3,4,5,534,Champions
14072,666,1,390.85,1,2,1,112,Lost
14073,31,1,151.04,1,1,4,411,New
14074,622,1,219.39999999999998,1,1,1,111,Lost
14075,4,5,1724.87,3,4,5,534,Champions
14076,128,1,118.67,1,1,3,311,Regular
14077,40,6,615.0799999999999,3,3,4,433,Regular
14078,101,9,1551.82,4,4,3,344,Regular
14079,124,1,375.1,1,2,3,312,Regular
14080,32,5,1115.68,3,3,4,433,Regular
14081,301,10,4867.57,4,5,2,245,At Risk
14082,364,2,413.36,1,2,2,212,Lost
14083,3,11,1082.19,4,3,5,543,Regular
14084,511,1,150.5,1,1,1,111,Lost
14085,1,32,9705.67,4,5,5,545,Champions
14086,462,1,39.95,1,1,1,111,Lost
14087,2,3,829.47,2,3,5,523,New
14088,9,16,64036.8,4,5,5,545,Champions
14089,56,1,158.75,1,1,4,411,New
14090,324,1,76.32000000000001,1,1,2,211,Lost
14091,653,2,9530.08,1,5,1,115,Regular
14092,7,24,7229.45,4,5,5,545,Champions
14093,11,1,433.86,1,2,5,512,New
14094,439,1,311.77,1,2,1,112,Lost
14095,722,1,2.95,1,1,1,111,Lost
14096,3,17,53258.43,4,5,5,545,Champions
14097,480,2,422.85999999999996,1,2,1,112,Lost
14098,36,1,147.35,1,1,4,411,New
14099,15,20,5750.91,4,5,5,545,Champions
14100,137,1,191.95000000000002,1,1,3,311,Regular
14101,73,13,9961.93,4,5,3,345,Regular
14102,4,5,1105.8799999999999,3,3,5,533,Regular
14104,154,5,740.53,3,3,3,333,Regular
14105,238,5,5988.83,3,5,2,235,At Risk
14106,736,1,214.79999999999998,1,1,1,111,Lost
14107,51,11,4877.3,4,5,4,445,Champions
14108,30,4,1044.96,2,3,4,423,New
14109,72,1,144.2,1,1,3,311,Regular
14110,3,33,12987.95,4,5,5,545,Champions
14111,13,4,692.85,2,3,5,523,New
14112,22,13,5834.59,4,5,4,445,Champions
14113,3,16,7092.610000000001,4,5,5,545,Champions
14114,273,7,1364.09,3,4,2,234,At Risk
14115,501,2,622.6700000000001,1,3,1,113,Regular
14116,19,5,1382.74,3,4,4,434,Champions
14117,143,1,90.0,1,1,3,311,Regular
14118,428,1,458.45,1,2,1,112,Lost
14119,375,2,183.37,1,1,2,211,Lost
14121,3,4,2780.15,2,4,5,524,New
14122,405,3,362.42,2,2,2,222,Lost
14123,732,1,436.18,1,2,1,112,Lost
14124,83,1,419.58000000000004,1,2,3,312,Regular
14125,10,3,2720.63,2,4,5,524,New
14126,7,4,1172.46,2,3,5,523,New
14127,122,6,1900.0800000000002,3,4,3,334,Regular
14128,60,3,924.21,2,3,3,323,Regular
14129,1,9,2591.34,4,4,5,544,Champions
14130,318,4,1858.77,2,4,2,224,Regular
14131,648,1,168.22,1,1,1,111,Lost
14132,1,11,3586.0299999999997,4,5,5,545,Champions
14133,129,4,911.14,2,3,3,323,Regular
14134,382,15,11123.35,4,5,2,245,At Risk
14135,1,24,8839.67,4,5,5,545,Champions
14136,400,5,1570.81,3,4,2,234,At Risk
14137,695,1,332.7,1,2,1,112,Lost
14138,1,2,965.8800000000001,1,3,5,513,New
14139,45,4,1086.8,2,3,4,423,New
14140,3,2,935.05,1,3,5,513,New
14141,2,4,915.13,2,3,5,523,New
14142,372,2,671.34,1,3,2,213,Regular
14143,133,1,115.8,1,1,3,311,Regular
14144,485,1,30.599999999999998,1,1,1,111,Lost
14145,46,7,7600.05,3,5,4,435,Champions
14146,8,12,9450.3,4,5,5,545,Champions
14147,77,9,2590.2,4,4,3,344,Regular
14148,233,2,466.29,1,2,2,212,Lost
14149,220,1,446.62,1,2,2,212,Lost
14150,35,2,658.64,1,3,4,413,New
14151,672,2,679.45,1,3,1,113,Regular
14152,74,7,1997.3400000000001,3,4,3,334,Regular
14153,482,1,233.4,1,1,1,111,Lost
14154,238,8,6460.7,3,5,2,235,At Risk
14155,265,1,118.75,1,1,2,211,Lost
14156,9,144,303069.88,4,5,5,545,Champions
14157,19,5,978.69,3,3,4,433,Regular
14158,39,1,507.66,1,2,4,412,New
14159,19,20,7849.58,4,5,4,445,Champions
14160,609,7,8421.47,3,5,1,135,At Risk
14161,215,7,2996.93,3,5,2,235,At Risk
14162,173,2,289.36,1,2,3,312,Regular
14163,86,5,2594.62,3,4,3,334,Regular
14164,70,2,1631.77,1,4,3,314,Regular
14165,275,1,120.44,1,1,2,211,Lost
14166,504,2,251.15,1,1,1,111,Lost
14167,38,8,1274.29,3,4,4,434,Champions
14168,420,2,370.45,1,2,1,112,Lost
14169,430,2,613.11,1,3,1,113,Regular
14170,374,3,570.18,2,2,2,222,Lost
14171,97,2,498.79,1,2,3,312,Regular
14172,604,3,369.02,2,2,1,122,Lost
14173,10,6,586.0,3,2,5,532,Regular
14174,32,1,134.46,1,1,4,411,New
14175,59,8,7678.88,3,5,3,335,Regular
14176,296,5,756.46,3,3,2,233,At Risk
14177,85,13,2209.69,4,4,3,344,Regular
14178,8,7,1580.26,3,4,5,534,Champions
14179,40,2,701.57,1,3,4,413,New
14180,10,33,6117.5,4,5,5,545,Champions
14181,410,2,308.35,1,2,1,112,Lost
14182,443,4,678.77,2,3,1,123,Regular
14183,410,2,278.34000000000003,1,1,1,111,Lost
14184,66,1,452.89,1,2,3,312,Regular
14185,330,1,197.65,1,1,2,211,Lost
14186,426,5,1550.63,3,4,1,134,At Risk
14187,473,1,123.5,1,1,1,111,Lost
14188,30,6,2054.36,3,4,4,434,Champions
14189,1,16,5503.15,4,5,5,545,Champions
14190,665,1,79.9,1,1,1,111,Lost
14191,1,15,4817.66,4,5,5,545,Champions
14192,387,1,293.74,1,2,2,212,Lost
14193,67,3,1210.19,2,4,3,324,Regular
14194,4,36,18670.59,4,5,5,545,Champions
14195,201,6,2615.6,3,4,2,234,At Risk
14196,106,1,335.52,1,2,3,312,Regular
14197,410,1,390.05,1,2,1,112,Lost
14198,17,9,1569.73,4,4,5,544,Champions
14199,217,4,1091.7,2,3,2,223,Regular
14200,616,1,379.2,1,2,1,112,Lost
14201,59,10,1193.54,4,3,3,343,Regular
14202,380,3,847.76,2,3,2,223,Regular
14203,396,1,339.34,1,2,2,212,Lost
14204,1,4,1024.83,2,3,5,523,New
14205,16,9,2414.2,4,4,5,544,Champions
14206,238,3,1185.01,2,3,2,223,Regular
14207,687,1,157.8,1,1,1,111,Lost
14208,94,2,567.05,1,2,3,312,Regular
14209,10,15,4993.27,4,5,5,545,Champions
14210,105,16,5556.570000000001,4,5,3,345,Regular
14211,52,18,4402.29,4,5,4,445,Champions
14212,89,2,2190.14,1,4,3,314,Regular
14213,404,1,1192.2,1,3,2,213,Regular
14214,30,5,1004.38,3,3,4,433,Regular
14215,11,9,3250.33,4,5,5,545,Champions
14216,2,5,2150.04,3,4,5,534,Champions
14217,1,23,3298.59,4,5,5,545,Champions
14218,42,1,169.48000000000002,1,1,4,411,New
14219,3,3,633.83,2,3,5,523,New
14220,246,4,1515.0,2,4,2,224,Regular
14221,41,17,6517.49,4,5,4,445,Champions
14222,176,1,683.17,1,3,3,313,Regular
14223,91,3,991.13,2,3,3,323,Regular
14224,109,9,1841.71,4,4,3,344,Regular
14225,434,4,2031.07,2,4,1,124,Regular
14226,28,6,2985.13,3,5,4,435,Champions
14227,25,15,6366.16,4,5,4,445,Champions
14228,437,3,745.5,2,3,1,123,Regular
14229,51,7,2594.04,3,4,4,434,Champions
14230,435,3,979.8000000000001,2,3,1,123,Regular
14231,183,4,1235.6200000000001,2,4,3,324,Regular
14232,42,5,2048.07,3,4,4,434,Champions
14233,48,7,2904.27,3,5,4,435,Champions
14234,21,4,754.12,2,3,4,423,New
14235,74,9,4717.99,4,5,3,345,Regular
14236,80,5,1555.34,3,4,3,334,Regular
14237,372,2,471.14,1,2,2,212,Lost
14238,325,3,434.23,2,2,2,222,Lost
14239,42,21,4263.17,4,5,4,445,Champions
14240,29,3,1247.49,2,4,4,424,New
14241,183,2,333.70000000000005,1,2,3,312,Regular
14242,234,2,280.55,1,1,2,211,Lost
14243,8,17,7217.75,4,5,5,545,Champions
14244,660,1,366.41999999999996,1,2,1,112,Lost
14245,219,2,1693.45,1,4,2,214,Regular
14246,110,3,1474.06,2,4,3,324,Regular
14247,277,5,753.56,3,3,2,233,At Risk
14248,317,3,1032.95,2,3,2,223,Regular
14249,410,12,5400.46,4,5,1,145,At Risk
14250,6,3,1904.05,2,4,5,524,New
14251,1,5,2879.7000000000003,3,4,5,534,Champions
14252,380,1,350.99,1,2,2,212,Lost
14253,492,2,363.40000000000003,1,2,1,112,Lost
14254,432,1,601.03,1,2,1,112,Lost
14256,259,5,2460.79,3,4,2,234,At Risk
14257,63,9,5954.45,4,5,3,345,Regular
14258,8,25,32051.34,4,5,5,545,Champions
14259,141,1,120.0,1,1,3,311,Regular
14260,470,3,824.28,2,3,1,123,Regular
14261,50,2,1163.45,1,3,4,413,New
14262,7,8,2618.23,3,4,5,534,Champions
14263,422,1,322.93,1,2,1,112,Lost
14264,154,6,1517.3600000000001,3,4,3,334,Regular
14265,108,4,1373.35,2,4,3,324,Regular
14266,427,1,40.56,1,1,1,111,Lost
14267,162,3,1516.24,2,4,3,324,Regular
14268,470,1,354.85,1,2,1,112,Lost
14269,438,1,295.73,1,2,1,112,Lost
14270,331,1,492.65000000000003,1,2,2,212,Lost
14271,225,2,214.18,1,1,2,211,Lost
14272,73,4,920.81,2,3,3,323,Regular
14273,50,4,559.97,2,2,4,422,New
14274,685,1,256.6,1,1,1,111,Lost
14275,395,6,1189.3799999999999,3,3,2,233,At Risk
14276,98,7,2102.68,3,4,3,334,Regular
14277,14,8,16789.16,3,5,5,535,Champions
14278,409,1,205.83,1,1,1,111,Lost
14279,520,2,191.86,1,1,1,111,Lost
14280,196,1,134.04,1,1,2,211,Lost
14281,407,1,245.15,1,1,2,211,Lost
14282,2,25,7250.76,4,5,5,545,Champions
14283,462,4,628.4399999999999,2,3,1,123,Regular
14284,30,3,1299.65,2,4,4,424,New
14285,20,8,3284.42,3,5,4,435,Champions
14286,23,7,8479.76,3,5,4,435,Champions
14287,7,3,176.63,2,1,5,521,New
14288,212,1,426.6,1,2,2,212,Lost
14289,8,6,911.26,3,3,5,533,Regular
14290,10,8,4516.56,3,5,5,535,Champions
14291,1,23,7904.1,4,5,5,545,Champions
14292,7,16,9226.25,4,5,5,545,Champions
14293,2,9,2903.01,4,5,5,545,Champions
14294,406,1,375.34,1,2,2,212,Lost
14295,39,4,2352.91,2,4,4,424,New
14296,420,2,456.40000000000003,1,2,1,112,Lost
14297,17,4,1305.33,2,4,5,524,New
14298,7,82,91194.49,4,5,5,545,Champions
14299,7,27,14070.25,4,5,5,545,Champions
14300,18,1,43.2,1,1,5,511,New
14301,116,4,1992.18,2,4,3,324,Regular
14302,430,3,742.9000000000001,2,3,1,123,Regular
14303,406,2,277.94,1,1,2,211,Lost
14304,222,3,1725.01,2,4,2,224,Regular
14305,70,3,1858.96,2,4,3,324,Regular
14306,50,6,3151.4,3,5,4,435,Champions
14307,88,10,4287.92,4,5,3,345,Regular
14309,7,11,3780.81,4,5,5,545,Champions
14310,432,1,492.1,1,2,1,112,Lost
14311,242,2,516.45,1,2,2,212,Lost
14312,46,11,3090.29,4,5,4,445,Champions
14314,106,2,229.8,1,1,3,311,Regular
14315,44,8,3197.82,3,5,4,435,Champions
14316,421,5,1370.34,3,4,1,134,At Risk
14317,64,1,508.58000000000004,1,2,3,312,Regular
14318,459,1,158.02,1,1,1,111,Lost
14319,423,1,494.85,1,2,1,112,Lost
14320,206,5,1346.75,3,4,2,234,At Risk
14321,10,7,2218.06,3,4,5,534,Champions
14322,428,4,474.1,2,2,1,122,Lost
14323,114,2,605.0600000000001,1,3,3,313,Regular
14324,409,2,701.61,1,3,1,113,Regular
14325,569,1,245.48000000000002,1,1,1,111,Lost
14326,241,3,940.98,2,3,2,223,Regular
14327,162,6,1894.93,3,4,3,334,Regular
14329,16,15,9887.62,4,5,5,545,Champions
14330,623,1,200.63,1,1,1,111,Lost
14331,123,2,462.65999999999997,1,2,3,312,Regular
14332,22,5,1917.41,3,4,4,434,Champions
14333,67,1,415.2,1,2,3,312,Regular
14334,16,12,4318.48,4,5,5,545,Champions
14335,15,2,454.86,1,2,5,512,New
14336,16,4,1614.91,2,4,5,524,New
14338,160,3,928.1,2,3,3,323,Regular
14339,242,2,620.27,1,3,2,213,Regular
14340,218,1,134.7,1,1,2,211,Lost
14341,44,18,4452.02,4,5,4,445,Champions
14342,20,6,918.44,3,3,4,433,Regular
14343,420,4,1079.66,2,3,1,123,Regular
14344,126,20,2993.05,4,5,3,345,Regular
14345,38,1,108.97999999999999,1,1,4,411,New
14346,120,5,2315.75,3,4,3,334,Regular
14347,736,1,82.6,1,1,1,111,Lost
14348,259,1,409.57,1,2,2,212,Lost
14349,9,1,133.5,1,1,5,511,New
14350,273,3,972.03,2,3,2,223,Regular
14351,164,1,51.0,1,1,3,311,Regular
14352,156,4,1078.96,2,3,3,323,Regular
14353,214,3,376.5,2,2,2,222,Lost
14354,5,2,163.62,1,1,5,511,New
14355,365,3,840.0500000000001,2,3,2,223,Regular
14356,79,2,701.23,1,3,3,313,Regular
14357,42,1,225.12,1,1,4,411,New
14358,388,2,400.06,1,2,2,212,Lost
14359,18,3,912.18,2,3,5,523,New
14360,31,4,2118.03,2,4,4,424,New
14361,578,1,214.70999999999998,1,1,1,111,Lost
14362,21,1,151.5,1,1,4,411,New
14363,401,2,227.47000000000003,1,1,2,211,Lost
14364,108,8,3717.35,3,5,3,335,Regular
14365,394,2,634.68,1,3,2,213,Regular
14366,524,1,136.0,1,1,1,111,Lost
14367,7,16,9227.82,4,5,5,545,Champions
14368,319,1,155.0,1,1,2,211,Lost
14369,641,2,469.13,1,2,1,112,Lost
14370,450,6,1175.78,3,3,1,133,At Risk
14371,294,1,100.5,1,1,2,211,Lost
14372,442,2,860.08,1,3,1,113,Regular
14373,357,1,76.55,1,1,2,211,Lost
14374,540,1,108.0,1,1,1,111,Lost
14375,184,3,1106.82,2,3,3,323,Regular
14376,682,1,215.46,1,1,1,111,Lost
14377,190,2,617.05,1,3,2,213,Regular
14378,621,1,131.25,1,1,1,111,Lost
14379,43,4,1265.16,2,4,4,424,New
14381,51,2,625.9399999999999,1,3,4,413,New
14382,25,2,1193.6299999999999,1,3,4,413,New
14383,37,3,1247.69,2,4,4,424,New
14384,500,1,58.5,1,1,1,111,Lost
14385,8,3,202.11,2,1,5,521,New
14386,296,1,142.4,1,1,2,211,Lost
14387,32,3,1727.6,2,4,4,424,New
14388,9,16,6388.2,4,5,5,545,Champions
14389,64,5,1898.01,3,4,3,334,Regular
14390,9,13,6150.03,4,5,5,545,Champions
14391,576,1,135.6,1,1,1,111,Lost
14392,431,1,266.4,1,1,1,111,Lost
14393,217,1,67.95,1,1,2,211,Lost
14394,564,1,93.8,1,1,1,111,Lost
14395,1,20,7801.93,4,5,5,545,Champions
14396,64,7,1969.38,3,4,3,334,Regular
14397,2,19,2612.96,4,4,5,544,Champions
14398,400,2,707.79,1,3,2,213,Regular
14399,393,8,2108.21,3,4,2,234,At Risk
14400,148,3,1732.47,2,4,3,324,Regular
14401,3,22,6795.9,4,5,5,545,Champions
14402,651,1,285.6,1,2,1,112,Lost
14403,129,6,1880.51,3,4,3,334,Regular
14404,33,13,2724.13,4,4,4,444,Champions
14405,386,1,195.0,1,1,2,211,Lost
14406,118,1,156.75,1,1,3,311,Regular
14407,106,5,2142.73,3,4,3,334,Regular
14408,10,11,4102.27,4,5,5,545,Champions
14409,70,9,3427.29,4,5,3,345,Regular
14410,91,11,2630.9,4,4,3,344,Regular
14411,310,1,1063.0,1,3,2,213,Regular
14412,42,3,1426.19,2,4,4,424,New
14413,361,3,421.72,2,2,2,222,Lost
14414,91,8,2399.33,3,4,3,334,Regular
14415,0,23,11980.09,4,5,5,545,Champions
14416,21,2,490.22,1,2,4,412,New
14417,387,1,524.65,1,2,2,212,Lost
14418,3,3,1937.25,2,4,5,524,New
14419,10,7,1254.64,3,4,5,534,Champions
14420,98,4,1639.17,2,4,3,324,Regular
14421,56,6,2469.37,3,4,4,434,Champions
14422,0,19,10271.52,4,5,5,545,Champions
14423,217,3,916.6099999999999,2,3,2,223,Regular
14424,17,1,322.08,1,2,5,512,New
14425,434,3,661.39,2,3,1,123,Regular
14426,23,17,11727.94,4,5,4,445,Champions
14427,49,4,1263.52,2,4,4,424,New
14428,6,5,1224.06,3,4,5,534,Champions
14429,403,1,516.28,1,2,2,212,Lost
14430,511,3,1220.9,2,4,1,124,Regular
14431,302,4,2614.2,2,4,2,224,Regular
14432,9,6,2248.5,3,4,5,534,Champions
14433,465,1,280.7,1,1,1,111,Lost
14434,21,6,1372.8,3,4,4,434,Champions
14435,501,1,90.42,1,1,1,111,Lost
14436,98,2,271.70000000000005,1,1,3,311,Regular
14437,365,5,873.34,3,3,2,233,At Risk
14438,305,1,131.9,1,1,2,211,Lost
14439,319,5,9443.04,3,5,2,235,At Risk
14440,7,13,5982.03,4,5,5,545,Champions
14441,0,11,4611.6900000000005,4,5,5,545,Champions
14442,204,7,5367.0199999999995,3,5,2,235,At Risk
14443,53,5,2082.97,3,4,4,434,Champions
14444,455,1,120.44,1,1,1,111,Lost
14445,455,1,221.65,1,1,1,111,Lost
14446,0,5,1195.48,3,3,5,533,Regular
14447,18,6,1711.73,3,4,5,534,Champions
14448,8,2,375.35,1,2,5,512,New
14449,18,8,2230.96,3,4,5,534,Champions
14450,180,7,1128.44,3,3,3,333,Regular
14451,59,12,3258.68,4,5,3,345,Regular
14452,10,4,658.95,2,3,5,523,New
14453,189,1,119.93,1,1,2,211,Lost
14454,375,5,977.3,3,3,2,233,At Risk
14455,431,4,617.72,2,3,1,123,Regular
14456,4,9,3014.32,4,5,5,545,Champions
14457,310,1,113.64,1,1,2,211,Lost
14458,380,1,219.26999999999998,1,1,2,211,Lost
14459,154,2,5375.74,1,5,3,315,Regular
14460,109,9,1093.5,4,3,3,343,Regular
14461,147,13,6676.52,4,5,3,345,Regular
14462,65,12,2237.81,4,4,3,344,Regular
14463,97,4,786.5699999999999,2,3,3,323,Regular
14464,567,2,111.0,1,1,1,111,Lost
14465,246,11,3925.85,4,5,2,245,At Risk
14466,28,13,4267.15,4,5,4,445,Champions
14467,17,12,2203.2400000000002,4,4,5,544,Champions
14468,733,1,204.24,1,1,1,111,Lost
14469,415,4,2093.46,2,4,1,124,Regular
14470,11,3,712.04,2,3,5,523,New
14471,590,2,400.95,1,2,1,112,Lost
14472,103,9,2118.72,4,4,3,344,Regular
14473,73,2,234.34000000000003,1,1,3,311,Regular
14474,45,2,1258.8899999999999,1,4,4,414,New
14475,71,4,1151.15,2,3,3,323,Regular
14476,256,1,193.0,1,1,2,211,Lost
14477,19,7,1969.6,3,4,4,434,Champions
14478,381,4,1276.66,2,4,2,224,Regular
14479,253,4,1124.71,2,3,2,223,Regular
14480,10,4,1299.52,2,4,5,524,New
14481,164,5,2284.69,3,4,3,334,Regular
14482,17,12,4306.72,4,5,5,545,Champions
14483,281,2,257.1,1,1,2,211,Lost
14484,49,4,1070.98,2,3,4,423,New
14485,38,1,162.8,1,1,4,411,New
14486,511,2,175.5,1,1,1,111,Lost
14487,26,7,1266.27,3,4,4,434,Champions
14488,67,1,1064.28,1,3,3,313,Regular
14489,206,4,1574.93,2,4,2,224,Regular
14490,405,2,1273.47,1,4,2,214,Regular
14491,174,2,340.93,1,2,3,312,Regular
14492,429,7,1921.91,3,4,1,134,At Risk
14493,6,10,5087.86,4,5,5,545,Champions
14494,25,3,401.46,2,2,4,422,New
14495,50,3,174.8,2,1,4,421,New
14496,311,7,2363.89,3,4,2,234,At Risk
14497,308,2,697.0600000000001,1,3,2,213,Regular
14498,42,10,3900.83,4,5,4,445,Champions
14499,25,7,2101.79,3,4,4,434,Champions
14500,87,3,356.85,2,2,3,322,Regular
14501,183,2,251.21,1,1,3,311,Regular
14502,19,11,2426.79,4,4,4,444,Champions
14503,2,6,3543.26,3,5,5,535,Champions
14504,46,4,673.26,2,3,4,423,New
14505,16,19,11873.08,4,5,5,545,Champions
14506,16,7,2960.25,3,5,5,535,Champions
14507,23,11,3216.7400000000002,4,5,4,445,Champions
14508,21,5,822.92,3,3,4,433,Regular
14509,533,1,110.95,1,1,1,111,Lost
14510,375,3,979.85,2,3,2,223,Regular
14511,10,5,1314.81,3,4,5,534,Champions
14512,187,7,1215.97,3,4,2,234,At Risk
14513,100,6,788.01,3,3,3,333,Regular
14514,60,9,4380.04,4,5,3,345,Regular
14515,17,12,3724.06,4,5,5,545,Champions
14516,515,1,151.17,1,1,1,111,Lost
14517,32,2,330.45,1,2,4,412,New
14518,63,1,174.37,1,1,3,311,Regular
14519,683,2,203.14,1,1,1,111,Lost
14520,1,2,270.6,1,1,5,511,New
14521,490,1,199.45000000000002,1,1,1,111,Lost
14522,23,8,1748.42,3,4,4,434,Champions
14523,107,1,241.09,1,1,3,311,Regular
14524,31,13,2909.86,4,5,4,445,Champions
14525,19,17,8018.59,4,5,4,445,Champions
14526,388,1,258.65,1,1,2,211,Lost
14527,2,121,27191.1,4,5,5,545,Champions
14528,36,1,364.21999999999997,1,2,4,412,New
14529,59,3,578.61,2,2,3,322,Regular
14530,25,16,6088.87,4,5,4,445,Champions
14531,479,1,376.34,1,2,1,112,Lost
14532,235,11,3845.78,4,5,2,245,At Risk
14533,24,11,3466.37,4,5,4,445,Champions
14534,2,26,6183.06,4,5,5,545,Champions
14535,59,9,5961.89,4,5,3,345,Regular
14536,259,1,170.95,1,1,2,211,Lost
14537,57,2,641.4,1,3,4,413,New
14538,64,5,1370.8400000000001,3,4,3,334,Regular
14539,15,2,537.48,1,2,5,512,New
14540,9,11,3709.64,4,5,5,545,Champions
14541,58,14,2491.38,4,4,4,444,Champions
14542,185,1,103.25,1,1,3,311,Regular
14543,28,39,14548.22,4,5,4,445,Champions
14544,23,3,2938.53,2,5,4,425,New
14545,673,1,349.25,1,2,1,112,Lost
14546,4,11,5184.84,4,5,5,545,Champions
14547,3,8,3974.75,3,5,5,535,Champions
14548,150,9,2541.29,4,4,3,344,Regular
14549,310,4,913.6,2,3,2,223,Regular
14550,10,4,1345.06,2,4,5,524,New
14551,17,7,878.09,3,3,5,533,Regular
14552,151,3,507.93,2,2,3,322,Regular
14553,18,9,1818.6,4,4,5,544,Champions
14554,9,4,2279.4900000000002,2,4,5,524,New
14555,56,6,2304.03,3,4,4,434,Champions
14556,595,3,815.69,2,3,1,123,Regular
14557,84,1,788.38,1,3,3,313,Regular
14558,653,3,655.5,2,3,1,123,Regular
14559,389,1,75.6,1,1,2,211,Lost
14560,6,44,6114.03,4,5,5,545,Champions
14561,75,3,1080.76,2,3,3,323,Regular
14562,3,26,6638.150000000001,4,5,5,545,Champions
14563,509,2,625.42,1,3,1,113,Regular
14564,434,2,2605.62,1,4,1,114,Regular
14565,95,5,3709.2200000000003,3,5,3,335,Regular
14566,110,4,4092.0,2,5,3,325,Regular
14567,56,2,1530.3600000000001,1,4,4,414,New
14568,434,1,919.7,1,3,1,113,Regular
14569,0,4,597.3299999999999,2,2,5,522,New
14570,280,3,512.4,2,2,2,222,Lost
14571,424,1,160.0,1,1,1,111,Lost
14572,2,11,5520.9800000000005,4,5,5,545,Champions
14573,179,13,2163.12,4,4,3,344,Regular
14574,732,1,143.70000000000002,1,1,1,111,Lost
14575,487,1,420.22,1,2,1,112,Lost
14576,371,1,35.400000000000006,1,1,2,211,Lost
14577,12,7,1364.15,3,4,5,534,Champions
14578,2,1,168.63,1,1,5,511,New
14579,431,1,105.56,1,1,1,111,Lost
14580,517,1,14.850000000000001,1,1,1,111,Lost
14581,16,2,409.65,1,2,5,512,New
14582,40,1,114.11,1,1,4,411,New
14583,5,8,1660.29,3,4,5,534,Champions
14584,168,8,1738.16,3,4,3,334,Regular
14585,49,5,1143.27,3,3,4,433,Regular
14586,276,1,237.36,1,1,2,211,Lost
14587,18,9,1580.29,4,4,5,544,Champions
14588,577,1,135.39,1,1,1,111,Lost
14589,371,1,39.75,1,1,2,211,Lost
14590,424,20,2993.37,4,5,1,145,At Risk
14591,14,4,1320.21,2,4,5,524,New
14592,34,3,557.94,2,2,4,422,New
14593,21,12,3658.0299999999997,4,5,4,445,Champions
14594,6,2,363.33,1,2,5,512,New
14595,19,8,2164.45,3,4,4,434,Champions
14596,626,1,222.22000000000003,1,1,1,111,Lost
14597,10,6,2184.63,3,4,5,534,Champions
14598,43,2,384.04,1,2,4,412,New
14599,389,2,457.89,1,2,2,212,Lost
14600,305,2,865.1700000000001,1,3,2,213,Regular
14601,10,1,213.96,1,1,5,511,New
14602,655,1,205.35999999999999,1,1,1,111,Lost
14603,274,1,660.0,1,3,2,213,Regular
14604,632,1,136.35999999999999,1,1,1,111,Lost
14605,373,4,920.71,2,3,2,223,Regular
14606,0,184,29648.75,4,5,5,545,Champions
14607,15,20,22575.13,4,5,5,545,Champions
14608,3,10,3342.94,4,5,5,545,Champions
14609,71,10,1486.2,4,4,3,344,Regular
14610,395,2,24.35,1,1,2,211,Lost
14611,443,2,604.3299999999999,1,3,1,113,Regular
14612,414,1,877.7,1,3,1,113,Regular
14613,679,1,76.32000000000001,1,1,1,111,Lost
14614,385,1,295.13,1,2,2,212,Lost
14615,393,5,951.76,3,3,2,233,At Risk
14616,242,5,527.78,3,2,2,232,Regular
14617,402,2,190.47000000000003,1,1,2,211,Lost
14618,8,7,1342.32,3,4,5,534,Champions
14619,245,2,1291.24,1,4,2,214,Regular
14620,205,2,412.78000000000003,1,2,2,212,Lost
14621,0,9,3000.57,4,5,5,545,Champions
14622,184,1,320.58000000000004,1,2,3,312,Regular
14623,31,10,2012.3,4,4,4,444,Champions
14624,56,6,814.07,3,3,4,433,Regular
14625,195,11,4497.88,4,5,2,245,At Risk
14626,23,11,5410.92,4,5,4,445,Champions
14627,378,1,462.75,1,2,2,212,Lost
14628,90,5,1998.0,3,4,3,334,Regular
14629,3,2,955.26,1,3,5,513,New
14630,483,1,338.65,1,2,1,112,Lost
14631,50,6,2025.69,3,4,4,434,Champions
14632,262,1,114.56,1,1,2,211,Lost
14633,265,1,344.90000000000003,1,2,2,212,Lost
14634,437,4,2124.46,2,4,1,124,Regular
14635,453,1,215.22,1,1,1,111,Lost
14636,35,2,609.85,1,3,4,413,New
14637,676,1,106.67999999999999,1,1,1,111,Lost
14638,50,1,443.6,1,2,4,412,New
14639,51,9,4978.96,4,5,4,445,Champions
14640,23,10,3649.36,4,5,4,445,Champions
14641,21,1,110.46,1,1,4,411,New
14642,58,1,96.12,1,1,4,411,New
14643,169,5,1679.89,3,4,3,334,Regular
14644,67,7,2247.72,3,4,3,334,Regular
14645,156,3,876.89,2,3,3,323,Regular
14646,1,145,526751.52,4,5,5,545,Champions
14647,200,2,506.04,1,2,2,212,Lost
14648,415,15,4463.39,4,5,1,145,At Risk
14649,4,9,3651.19,4,5,5,545,Champions
14650,588,1,62.5,1,1,1,111,Lost
14651,66,9,2025.52,4,4,3,344,Regular
14652,76,1,114.18,1,1,3,311,Regular
14653,0,11,3404.8,4,5,5,545,Champions
14654,737,1,246.86,1,1,1,111,Lost
14655,7,7,3878.51,3,5,5,535,Champions
14656,168,5,790.0,3,3,3,333,Regular
14657,17,6,1450.19,3,4,5,534,Champions
14658,4,2,247.15,1,1,5,511,New
14659,8,9,2529.93,4,4,5,544,Champions
14660,86,2,285.74,1,2,3,312,Regular
14661,26,1,107.95,1,1,4,411,New
14662,28,7,1376.43,3,4,4,434,Champions
14663,429,2,490.6,1,2,1,112,Lost
14664,19,2,636.24,1,3,4,413,New
14665,60,7,2749.65,3,4,3,334,Regular
14666,23,1,179.95,1,1,4,411,New
14667,10,54,20359.59,4,5,5,545,Champions
14668,444,1,111.63,1,1,1,111,Lost
14669,241,7,3216.78,3,5,2,235,At Risk
14670,279,3,583.33,2,2,2,222,Lost
14671,548,2,1127.45,1,3,1,113,Regular
14672,234,4,1113.14,2,3,2,223,Regular
14673,2,7,3037.32,3,5,5,535,Champions
14674,508,1,173.66,1,1,1,111,Lost
14675,15,2,1015.58,1,3,5,513,New
14676,30,12,8356.79,4,5,4,445,Champions
14677,592,1,184.91,1,1,1,111,Lost
14678,578,1,403.39,1,2,1,112,Lost
14679,381,3,1289.44,2,4,2,224,Regular
14680,24,58,55688.5,4,5,4,445,Champions
14681,70,6,875.1500000000001,3,3,3,333,Regular
14682,187,6,1514.81,3,4,2,234,At Risk
14683,587,1,146.56,1,1,1,111,Lost
14684,25,6,1430.03,3,4,4,434,Champions
14685,575,8,4536.64,3,5,1,135,At Risk
14686,413,5,852.53,3,3,1,133,At Risk
14687,106,3,1402.06,2,4,3,324,Regular
14688,7,28,7190.42,4,5,5,545,Champions
14689,208,1,112.8,1,1,2,211,Lost
14690,43,4,777.68,2,3,4,423,New
14691,30,5,2114.33,3,4,4,434,Champions
14692,136,12,1715.1399999999999,4,4,3,344,Regular
14693,264,7,1165.36,3,3,2,233,At Risk
14694,616,1,244.31,1,1,1,111,Lost
14695,518,3,1534.22,2,4,1,124,Regular
14696,3,8,2473.28,3,4,5,534,Champions
14697,217,2,188.60999999999999,1,1,2,211,Lost
14698,1,5,1217.27,3,4,5,534,Champions
14699,213,4,702.6,2,3,2,223,Regular
14700,31,5,3076.06,3,5,4,435,Champions
14701,10,15,4487.11,4,5,5,545,Champions
14702,0,29,6356.9800000000005,4,5,5,545,Champions
14703,14,1,318.17,1,2,5,512,New
14704,19,9,1720.58,4,4,4,444,Champions
14705,198,1,179.0,1,1,2,211,Lost
14706,618,1,367.54,1,2,1,112,Lost
14707,435,2,139.2,1,1,1,111,Lost
14708,2,5,1793.22,3,4,5,534,Champions
14709,14,25,8886.33,4,5,5,545,Champions
14710,13,13,1899.79,4,4,5,544,Champions
14711,9,11,2839.62,4,4,5,544,Champions
14712,28,4,1328.0700000000002,2,4,4,424,New
14713,8,21,5115.36,4,5,5,545,Champions
14714,23,4,906.24,2,3,4,423,New
14715,24,8,1809.55,3,4,4,434,Champions
14716,42,3,543.28,2,2,4,422,New
14717,732,1,81.3,1,1,1,111,Lost
14718,409,1,226.42,1,1,1,111,Lost
14719,1,5,1581.84,3,4,5,534,Champions
14720,5,3,663.81,2,3,5,523,New
14721,378,1,109.07,1,1,2,211,Lost
14722,146,3,489.52,2,2,3,322,Regular
14723,9,11,1801.3600000000001,4,4,5,544,Champions
14724,589,1,341.9,1,2,1,112,Lost
14725,24,4,1246.86,2,4,4,424,New
14726,654,1,116.5,1,1,1,111,Lost
14727,273,3,461.03,2,2,2,222,Lost
14728,412,1,190.58,1,1,1,111,Lost
14729,373,3,586.24,2,2,2,222,Lost
14730,0,8,1897.57,3,4,5,534,Champions
14731,46,3,380.02,2,2,4,422,New
14732,7,19,5517.07,4,5,5,545,Champions
14733,15,15,14335.15,4,5,5,545,Champions
14734,425,4,1056.42,2,3,1,123,Regular
14735,3,55,12225.16,4,5,5,545,Champions
14736,484,2,374.05,1,2,1,112,Lost
14737,3,4,3554.17,2,5,5,525,New
14738,42,9,1821.9,4,4,4,444,Champions
14739,3,25,11573.62,4,5,5,545,Champions
14740,196,11,4161.06,4,5,2,245,At Risk
14741,11,7,1713.09,3,4,5,534,Champions
14742,434,1,579.85,1,2,1,112,Lost
14743,592,1,50.48,1,1,1,111,Lost
14744,15,14,3660.08,4,5,5,545,Champions
14745,112,12,2551.41,4,4,3,344,Regular
14746,405,4,593.5,2,2,2,222,Lost
14747,248,1,328.2,1,2,2,212,Lost
14748,28,10,2681.9,4,4,4,444,Champions
14749,479,1,310.15,1,2,1,112,Lost
14750,735,1,112.03,1,1,1,111,Lost
14751,683,2,126.45,1,1,1,111,Lost
14752,43,1,389.64,1,2,4,412,New
14753,86,2,869.51,1,3,3,313,Regular
14754,44,6,1547.93,3,4,4,434,Champions
14755,9,25,9972.550000000001,4,5,5,545,Champions
14756,14,3,2603.76,2,4,5,524,New
14757,74,1,420.5,1,2,3,312,Regular
14758,144,7,2864.97,3,4,3,334,Regular
14759,4,3,1625.97,2,4,5,524,New
14760,296,1,89.2,1,1,2,211,Lost
14761,58,3,447.92,2,2,4,422,New
14762,263,2,417.57,1,2,2,212,Lost
14764,46,1,278.3,1,1,4,411,New
14765,28,3,254.11,2,1,4,421,New
14766,7,11,6375.7300000000005,4,5,5,545,Champions
14767,473,1,382.81,1,2,1,112,Lost
14768,16,2,192.60000000000002,1,1,5,511,New
14769,2,17,15512.46,4,5,5,545,Champions
14770,231,8,3637.64,3,5,2,235,At Risk
14771,620,2,594.62,1,2,1,112,Lost
14772,111,1,139.26,1,1,3,311,Regular
14773,592,1,140.55,1,1,1,111,Lost
14774,528,1,241.45,1,1,1,111,Lost
14775,57,3,1011.9,2,3,4,423,New
14776,50,15,3708.3,4,5,4,445,Champions
14777,403,1,307.56,1,2,2,212,Lost
14778,126,2,730.86,1,3,3,313,Regular
14779,280,3,386.15,2,2,2,222,Lost
14780,54,2,447.68,1,2,4,412,New
14782,319,1,200.10000000000002,1,1,2,211,Lost
14783,658,1,307.3,1,2,1,112,Lost
14784,25,3,449.93,2,2,4,422,New
14785,9,2,77.4,1,1,5,511,New
14786,549,1,90.96,1,1,1,111,Lost
14787,470,1,110.65,1,1,1,111,Lost
14788,6,3,1156.32,2,3,5,523,New
14789,28,1,197.64,1,1,4,411,New
14790,16,10,2526.62,4,4,5,544,Champions
14791,606,1,303.63,1,2,1,112,Lost
14792,63,1,6.2,1,1,3,311,Regular
14793,20,2,625.9,1,3,4,413,New
14794,2,10,1953.9,4,4,5,544,Champions
14795,165,1,131.45000000000002,1,1,3,311,Regular
14796,0,27,10167.77,4,5,5,545,Champions
14797,506,1,300.31,1,2,1,112,Lost
14798,52,8,724.31,3,3,4,433,Regular
14799,50,2,338.15,1,2,4,412,New
14800,47,17,7180.08,4,5,4,445,Champions
14801,60,1,189.34,1,1,3,311,Regular
14803,161,3,845.55,2,3,3,323,Regular
14804,8,1,353.27,1,2,5,512,New
14805,14,7,1082.55,3,3,5,533,Regular
14806,74,2,303.43,1,2,3,312,Regular
14807,390,2,504.14,1,2,2,212,Lost
14808,39,8,2718.6,3,4,4,434,Champions
14809,620,2,686.76,1,3,1,113,Regular
14810,40,13,2354.03,4,4,4,444,Champions
14811,386,1,170.5,1,1,2,211,Lost
14812,598,1,178.85,1,1,1,111,Lost
14813,369,4,888.91,2,3,2,223,Regular
14814,580,1,152.96,1,1,1,111,Lost
14815,36,2,778.5,1,3,4,413,New
14816,196,1,271.85,1,1,2,211,Lost
14817,199,7,3609.86,3,5,2,235,At Risk
14818,73,6,1153.56,3,3,3,333,Regular
14819,63,4,456.41,2,2,3,322,Regular
14820,20,9,1274.76,4,4,4,444,Champions
14821,366,7,1230.15,3,4,2,234,At Risk
14822,484,1,157.70000000000002,1,1,1,111,Lost
14823,179,3,321.43,2,2,3,322,Regular
14824,9,10,4022.9100000000003,4,5,5,545,Champions
14825,3,24,4735.08,4,5,5,545,Champions
14826,581,2,385.2,1,2,1,112,Lost
14828,196,13,9839.460000000001,4,5,2,245,At Risk
14829,28,7,1455.8700000000001,3,4,4,434,Champions
14830,52,1,188.03,1,1,4,411,New
14831,679,3,1676.57,2,4,1,124,Regular
14833,498,1,94.8,1,1,1,111,Lost
14834,17,7,2206.16,3,4,5,534,Champions
14835,528,2,297.0,1,2,1,112,Lost
14836,9,3,102.44999999999999,2,1,5,521,New
14837,89,9,3460.32,4,5,3,345,Regular
14838,422,2,769.9200000000001,1,3,1,113,Regular
14839,417,3,915.28,2,3,1,123,Regular
14840,267,2,362.71,1,2,2,212,Lost
14841,52,14,7163.0,4,5,4,445,Champions
14842,43,4,2824.69,2,4,4,424,New
14843,436,1,211.79999999999998,1,1,1,111,Lost
14844,63,10,6702.43,4,5,3,345,Regular
14845,599,1,150.0,1,1,1,111,Lost
14846,426,1,437.4,1,2,1,112,Lost
14847,148,3,1348.95,2,4,3,324,Regular
14848,404,1,310.56,1,2,2,212,Lost
14849,21,43,15407.61,4,5,4,445,Champions
14850,311,7,1770.96,3,4,2,234,At Risk
14851,22,3,829.4100000000001,2,3,4,423,New
14852,57,18,6132.43,4,5,4,445,Champions
14853,23,5,1376.87,3,4,4,434,Champions
14854,77,11,4303.06,4,5,3,345,Regular
14855,118,7,6520.3,3,5,3,335,Regular
14856,35,3,1290.53,2,4,4,424,New
14857,59,7,3651.85,3,5,3,335,Regular
14858,505,1,180.75,1,1,1,111,Lost
14859,12,5,1705.64,3,4,5,534,Champions
14860,18,1,170.32,1,1,5,511,New
14861,51,10,1380.73,4,4,4,444,Champions
14862,25,2,841.1999999999999,1,3,4,413,New
14863,28,1,266.76,1,1,4,411,New
14865,6,4,92.52000000000001,2,1,5,521,New
14866,10,17,20700.04,4,5,5,545,Champions
14867,185,16,2952.06,4,5,3,345,Regular
14868,2,12,4184.01,4,5,5,545,Champions
14869,8,6,2778.14,3,4,5,534,Champions
14870,261,6,1838.95,3,4,2,234,At Risk
14871,2,9,1228.17,4,4,5,544,Champions
14872,483,3,816.6,2,3,1,123,Regular
14873,209,2,854.13,1,3,2,213,Regular
14874,534,1,116.18,1,1,1,111,Lost
14875,107,3,2862.4,2,4,3,324,Regular
14876,520,2,256.7,1,1,1,111,Lost
14877,417,2,425.85,1,2,1,112,Lost
14878,12,25,4076.5,4,5,5,545,Champions
14879,684,1,185.06,1,1,1,111,Lost
14880,76,3,690.59,2,3,3,323,Regular
14881,19,1,255.4,1,1,4,411,New
14882,26,14,3546.65,4,5,4,445,Champions
14883,18,6,761.59,3,3,5,533,Regular
14884,668,1,120.6,1,1,1,111,Lost
14885,131,3,1598.12,2,4,3,324,Regular
14886,252,1,364.8,1,2,2,212,Lost
14887,78,1,1862.0,1,4,3,314,Regular
14888,206,1,369.2,1,2,2,212,Lost
14889,335,1,135.9,1,1,2,211,Lost
14890,253,3,817.25,2,3,2,223,Regular
14891,147,4,1106.73,2,3,3,323,Regular
14892,690,1,202.35000000000002,1,1,1,111,Lost
14893,9,3,1809.6100000000001,2,4,5,524,New
14894,84,3,1492.81,2,4,3,324,Regular
14895,7,38,25119.54,4,5,5,545,Champions
14896,204,8,1826.0,3,4,2,234,At Risk
14897,7,8,3140.54,3,5,5,535,Champions
14898,22,14,3365.95,4,5,4,445,Champions
14899,394,1,1331.38,1,4,2,214,Regular
14900,521,1,13.919999999999998,1,1,1,111,Lost
14901,10,12,1919.0,4,4,5,544,Champions
14902,25,3,1035.6200000000001,2,3,4,423,New
14903,20,5,2795.33,3,4,4,434,Champions
14904,1,4,1630.49,2,4,5,524,New
14905,157,8,1971.39,3,4,3,334,Regular
14907,2,16,5547.72,4,5,5,545,Champions
14908,73,2,381.9,1,2,3,312,Regular
14909,436,3,1404.68,2,4,1,124,Regular
14910,2,4,434.35,2,2,5,522,New
14911,0,373,272252.79,4,5,5,545,Champions
14912,16,5,1849.58,3,4,5,534,Champions
14913,35,8,4073.13,3,5,4,435,Champions
14915,90,11,1811.25,4,4,3,344,Regular
14916,70,8,3042.95,3,5,3,335,Regular
14917,596,2,1123.75,1,3,1,113,Regular
14918,115,9,5955.81,4,5,3,345,Regular
14919,538,1,359.35,1,2,1,112,Lost
14920,212,3,1607.17,2,4,2,224,Regular
14921,29,2,1316.07,1,4,4,414,New
14922,393,2,843.74,1,3,2,213,Regular
14923,50,1,749.1,1,3,4,413,New
14924,245,3,931.01,2,3,2,223,Regular
14926,381,2,359.4,1,2,2,212,Lost
14927,396,1,308.2,1,2,2,212,Lost
14928,627,1,223.91000000000003,1,1,1,111,Lost
14929,31,2,836.69,1,3,4,413,New
14930,108,6,5236.7300000000005,3,5,3,335,Regular
14931,4,4,864.6800000000001,2,3,5,523,New
14932,365,2,566.13,1,2,2,212,Lost
14933,443,4,1770.0,2,4,1,124,Regular
14934,81,5,3403.5,3,5,3,335,Regular
14935,296,2,2849.83,1,4,2,214,Regular
14936,33,12,12410.81,4,5,4,445,Champions
14937,56,3,1621.88,2,4,4,424,New
14938,561,2,2322.43,1,4,1,114,Regular
14940,417,2,531.49,1,2,1,112,Lost
14941,578,1,182.1,1,1,1,111,Lost
14942,401,4,746.56,2,3,2,223,Regular
14943,662,1,107.62,1,1,1,111,Lost
14944,29,19,9684.67,4,5,4,445,Champions
14945,413,1,179.4,1,1,1,111,Lost
14946,13,1,100.9,1,1,5,511,New
14947,71,6,1049.79,3,3,3,333,Regular
14948,22,6,1101.97,3,3,4,433,Regular
14949,468,4,515.0,2,2,1,122,Lost
14950,18,1,371.2,1,2,5,512,New
14951,78,1,311.69,1,2,3,312,Regular
14952,59,32,17629.35,4,5,3,345,Regular
14953,24,4,968.82,2,3,4,423,New
14954,11,2,462.12,1,2,5,512,New
14955,732,1,163.77,1,1,1,111,Lost
14956,420,1,1325.0,1,4,1,114,Regular
14957,252,2,261.69,1,1,2,211,Lost
14958,146,6,941.99,3,3,3,333,Regular
14959,63,4,695.42,2,3,3,323,Regular
14960,7,2,221.27,1,1,5,511,New
14961,10,22,16410.15,4,5,5,545,Champions
14962,270,4,366.91,2,2,2,222,Lost
14963,9,12,3123.57,4,5,5,545,Champions
14964,246,1,206.21,1,1,2,211,Lost
14965,95,2,596.09,1,2,3,312,Regular
14966,14,6,1064.26,3,3,5,533,Regular
14967,49,6,1982.6100000000001,3,4,4,434,Champions
14968,29,2,497.49,1,2,4,412,New
14969,703,1,906.23,1,3,1,113,Regular
14970,67,12,4919.35,4,5,3,345,Regular
14971,34,3,1097.98,2,3,4,423,New
14972,127,2,145.07,1,1,3,311,Regular
14973,106,3,1314.45,2,4,3,324,Regular
14974,36,1,89.94,1,1,4,411,New
14975,56,2,472.39,1,2,4,412,New
14976,56,6,774.86,3,3,4,433,Regular
14977,725,1,31.929999999999996,1,1,1,111,Lost
14978,71,10,3112.19,4,5,3,345,Regular
14979,734,1,429.66,1,2,1,112,Lost
14980,736,1,150.68,1,1,1,111,Lost
14981,245,2,372.92,1,2,2,212,Lost
14982,571,1,234.88,1,1,1,111,Lost
14983,688,1,183.20000000000002,1,1,1,111,Lost
14984,18,6,1260.51,3,4,5,534,Champions
14985,197,2,292.01,1,2,2,212,Lost
14986,375,2,563.1,1,2,2,212,Lost
14987,15,8,1550.6499999999999,3,4,5,534,Champions
14988,211,7,2038.65,3,4,2,234,At Risk
14989,661,1,342.4,1,2,1,112,Lost
14990,611,2,304.17,1,2,1,112,Lost
14991,429,1,314.67,1,2,1,112,Lost
14992,441,1,210.5,1,1,1,111,Lost
14993,563,1,36.13,1,1,1,111,Lost
14994,381,5,942.77,3,3,2,233,At Risk
14995,38,2,231.98000000000002,1,1,4,411,New
14996,480,2,442.28999999999996,1,2,1,112,Lost
14997,45,4,776.5999999999999,2,3,4,423,New
14998,169,4,753.18,2,3,3,323,Regular
14999,592,1,129.48000000000002,1,1,1,111,Lost
15000,47,1,490.52,1,2,4,412,New
15001,393,2,197.10999999999999,1,1,2,211,Lost
15002,115,9,4138.08,4,5,3,345,Regular
15003,472,6,1027.03,3,3,1,133,At Risk
15004,146,1,1220.38,1,4,3,314,Regular
15005,15,56,13752.58,4,5,5,545,Champions
15006,50,2,752.83,1,3,4,413,New
15007,158,1,156.91,1,1,3,311,Regular
15008,479,2,360.0,1,2,1,112,Lost
15009,11,3,1259.43,2,4,5,524,New
15010,35,1,308.94,1,2,4,412,New
15011,395,2,416.6,1,2,2,212,Lost
15012,53,3,646.26,2,3,4,423,New
15013,487,10,1610.82,4,4,1,144,At Risk
15014,42,2,257.67,1,1,4,411,New
15015,500,13,2344.47,4,4,1,144,At Risk
15016,172,5,620.89,3,3,3,333,Regular
15017,33,1,125.58,1,1,4,411,New
15018,38,3,496.21000000000004,2,2,4,422,New
15019,266,1,252.81,1,1,2,211,Lost
15020,378,1,198.47,1,1,2,211,Lost
15021,8,12,2500.59,4,4,5,544,Champions
15022,11,5,1133.44,3,3,5,533,Regular
15023,2,20,11555.5,4,5,5,545,Champions
15024,9,16,3559.39,4,5,5,545,Champions
15025,32,2,971.84,1,3,4,413,New
15026,79,5,1044.09,3,3,3,333,Regular
15027,30,10,3195.6,4,5,4,445,Champions
15028,7,6,962.94,3,3,5,533,Regular
15029,619,1,365.1,1,2,1,112,Lost
15030,71,8,1979.91,3,4,3,334,Regular
15031,3,14,3102.94,4,5,5,545,Champions
15032,255,8,11010.05,3,5,2,235,At Risk
15033,4,10,2553.88,4,4,5,544,Champions
15034,15,14,8231.2,4,5,5,545,Champions
15035,89,1,252.73000000000002,1,1,3,311,Regular
15036,71,3,429.56,2,2,3,322,Regular
15037,375,2,397.76,1,2,2,212,Lost
15038,58,9,1146.53,4,3,4,443,Regular
15039,9,93,39141.48,4,5,5,545,Champions
15040,541,1,7.49,1,1,1,111,Lost
15041,169,2,288.98,1,2,3,312,Regular
15042,198,2,315.45,1,2,2,212,Lost
15043,30,6,2855.3199999999997,3,4,4,434,Champions
15044,18,32,15769.01,4,5,5,545,Champions
15045,151,2,735.66,1,3,3,313,Regular
15046,8,25,7604.84,4,5,5,545,Champions
15047,269,1,343.62,1,2,2,212,Lost
15048,64,4,381.0,2,2,3,322,Regular
15049,273,1,121.17000000000002,1,1,2,211,Lost
15050,24,5,4087.19,3,5,4,435,Champions
15051,22,9,3926.91,4,5,4,445,Champions
15052,318,1,207.73000000000002,1,1,2,211,Lost
15053,4,3,693.95,2,3,5,523,New
15054,11,2,302.1,1,2,5,512,New
15055,474,3,549.12,2,2,1,122,Lost
15056,519,1,113.64999999999999,1,1,1,111,Lost
15057,274,5,3255.96,3,5,2,235,At Risk
15058,24,16,3387.58,4,5,4,445,Champions
15059,40,19,3490.4,4,5,4,445,Champions
15060,7,4,293.0,2,2,5,522,New
15061,3,127,126387.56999999999,4,5,5,545,Champions
15062,70,8,2585.62,3,4,3,334,Regular
15063,212,1,370.79999999999995,1,2,2,212,Lost
15064,409,4,1154.41,2,3,1,123,Regular
15065,37,5,3326.86,3,5,4,435,Champions
15066,52,1,893.59,1,3,4,413,New
15067,77,5,3862.88,3,5,3,335,Regular
15068,45,4,1174.9,2,3,4,423,New
15069,178,1,1109.53,1,3,3,313,Regular
15070,372,3,737.0500000000001,2,3,2,223,Regular
15071,93,4,1455.56,2,4,3,324,Regular
15072,478,1,187.51999999999998,1,1,1,111,Lost
15073,9,8,2788.02,3,4,5,534,Champions
15074,104,3,1553.1299999999999,2,4,3,324,Regular
15075,77,1,773.03,1,3,3,313,Regular
15076,172,3,1447.74,2,4,3,324,Regular
15077,494,2,2428.08,1,4,1,114,Regular
15078,6,52,17276.73,4,5,5,545,Champions
15079,212,11,3625.4,4,5,2,245,At Risk
15080,427,2,546.25,1,2,1,112,Lost
15081,21,12,1854.57,4,4,4,444,Champions
15082,668,1,93.35000000000001,1,1,1,111,Lost
15083,256,1,88.2,1,1,2,211,Lost
15084,379,2,965.2,1,3,2,213,Regular
15085,729,1,347.54,1,2,1,112,Lost
15086,564,2,218.53,1,1,1,111,Lost
15087,281,1,306.94,1,2,2,212,Lost
15088,20,2,1160.07,1,3,4,413,New
15089,9,6,2420.84,3,4,5,534,Champions
15090,307,1,381.32,1,2,2,212,Lost
15091,67,3,1046.6100000000001,2,3,3,323,Regular
15092,214,3,776.46,2,3,2,223,Regular
15093,17,23,13702.38,4,5,5,545,Champions
15094,462,2,83.0,1,1,1,111,Lost
15095,103,10,3141.64,4,5,3,345,Regular
15096,42,1,219.39000000000001,1,1,4,411,New
15097,3,3,908.35,2,3,5,523,New
15098,181,3,39916.5,2,5,3,325,Regular
15099,83,1,410.48,1,2,3,312,Regular
15100,333,7,2193.8999999999996,3,4,2,234,At Risk
15101,8,6,1477.94,3,4,5,534,Champions
15102,530,2,554.67,1,2,1,112,Lost
15103,30,2,703.36,1,3,4,413,New
15104,196,2,993.54,1,3,2,213,Regular
15105,17,9,3094.91,4,5,5,545,Champions
15106,17,5,1422.52,3,4,5,534,Champions
15107,310,9,824.35,4,3,2,243,At Risk
15108,141,3,1159.25,2,3,3,323,Regular
15109,245,3,983.1,2,3,2,223,Regular
15110,23,6,1505.8500000000001,3,4,4,434,Champions
15111,28,5,2442.37,3,4,4,434,Champions
15112,610,1,209.4,1,1,1,111,Lost
15113,9,3,3509.04,2,5,5,525,New
15114,29,12,3400.12,4,5,4,445,Champions
15115,17,2,531.85,1,2,5,512,New
15116,17,4,1352.75,2,4,5,524,New
15117,14,8,2485.9700000000003,3,4,5,534,Champions
15118,133,1,244.8,1,1,3,311,Regular
15119,245,1,266.4,1,1,2,211,Lost
15120,133,1,358.82,1,2,3,312,Regular
15121,49,2,457.72,1,2,4,412,New
15122,113,11,4487.27,4,5,3,345,Regular
15123,6,5,4656.17,3,5,5,535,Champions
15124,22,4,450.82,2,2,4,422,New
15125,24,24,17024.87,4,5,4,445,Champions
15126,536,2,449.49,1,2,1,112,Lost
15127,65,2,711.5,1,3,3,313,Regular
15128,59,5,1783.68,3,4,3,334,Regular
15129,49,23,6860.18,4,5,4,445,Champions
15130,169,1,330.11,1,2,3,312,Regular
15131,394,1,80.28,1,1,2,211,Lost
15132,17,5,977.9300000000001,3,3,5,533,Regular
15133,127,5,1806.9,3,4,3,334,Regular
15134,14,10,1596.29,4,4,5,544,Champions
15135,238,2,305.68,1,2,2,212,Lost
15136,2,4,1286.7,2,4,5,524,New
15137,520,2,823.4,1,3,1,113,Regular
15138,393,1,502.52,1,2,2,212,Lost
15139,239,2,178.96,1,1,2,211,Lost
15140,51,8,3243.69,3,5,4,435,Champions
15141,457,7,1388.47,3,4,1,134,At Risk
15142,45,6,2619.92,3,4,4,434,Champions
15143,225,2,563.63,1,2,2,212,Lost
15144,7,29,12160.31,4,5,5,545,Champions
15145,3,4,1194.73,2,3,5,523,New
15146,164,2,1327.16,1,4,3,314,Regular
15147,239,1,623.5,1,3,2,213,Regular
15148,10,1,301.29,1,2,5,512,New
15149,133,4,1524.6100000000001,2,4,3,324,Regular
15150,16,13,8977.94,4,5,5,545,Champions
15151,422,2,2085.61,1,4,1,114,Regular
15152,9,14,5263.83,4,5,5,545,Champions
15153,30,1,329.25,1,2,4,412,New
15154,74,3,1343.72,2,4,3,324,Regular
15155,382,1,383.96999999999997,1,2,2,212,Lost
15156,0,3,961.49,2,3,5,523,New
15157,3,5,2654.11,3,4,5,534,Champions
15158,44,2,606.02,1,3,4,413,New
15159,1,34,22116.73,4,5,5,545,Champions
15160,356,4,589.27,2,2,2,222,Lost
15161,387,1,119.92,1,1,2,211,Lost
15162,730,1,312.9,1,2,1,112,Lost
15163,17,2,304.47,1,2,5,512,New
15164,68,9,2028.1100000000001,4,4,3,344,Regular
15165,372,1,487.75,1,2,2,212,Lost
15166,467,1,167.16,1,1,1,111,Lost
15167,320,5,1627.62,3,4,2,234,At Risk
15168,25,1,106.56,1,1,4,411,New
15169,381,2,569.22,1,2,2,212,Lost
15170,406,1,81.15,1,1,2,211,Lost
15171,330,1,1289.5,1,4,2,214,Regular
15172,8,5,1624.05,3,4,5,534,Champions
15173,380,7,1494.6,3,4,2,234,At Risk
15174,322,2,481.46,1,2,2,212,Lost
15175,71,1,224.14,1,1,3,311,Regular
15176,667,1,988.04,1,3,1,113,Regular
15177,425,1,948.93,1,3,1,113,Regular
15178,259,1,40.5,1,1,2,211,Lost
15179,17,13,7491.92,4,5,5,545,Champions
15180,366,3,816.9300000000001,2,3,2,223,Regular
15181,65,5,1200.2,3,3,3,333,Regular
15182,153,11,2998.9500000000003,4,5,3,345,Regular
15183,547,3,639.93,2,3,1,123,Regular
15184,28,4,685.39,2,3,4,423,New
15185,69,1,310.62,1,2,3,312,Regular
15186,13,5,1403.2,3,4,5,534,Champions
15187,1,15,4762.18,4,5,5,545,Champions
15188,724,1,310.43,1,2,1,112,Lost
15189,0,46,17524.38,4,5,5,545,Champions
15190,433,1,834.4399999999999,1,3,1,113,Regular
15191,462,3,588.05,2,2,1,122,Lost
15192,119,5,1666.39,3,4,3,334,Regular
15193,60,1,499.32,1,2,3,312,Regular
15194,2,28,12021.53,4,5,5,545,Champions
15195,2,1,3861.0,1,5,5,515,New
15196,432,2,313.7,1,2,1,112,Lost
15197,10,6,1877.51,3,4,5,534,Champions
15198,91,5,571.35,3,2,3,332,Regular
15199,58,10,3122.4,4,5,4,445,Champions
15200,494,1,549.05,1,2,1,112,Lost
15201,86,7,1842.95,3,4,3,334,Regular
15203,25,15,4400.18,4,5,4,445,Champions
15204,356,1,316.58,1,2,2,212,Lost
15205,84,2,653.24,1,3,3,313,Regular
15206,9,4,420.29999999999995,2,2,5,522,New
15207,415,3,683.9200000000001,2,3,1,123,Regular
15208,0,6,970.52,3,3,5,533,Regular
15209,729,1,178.98000000000002,1,1,1,111,Lost
15210,224,3,1176.19,2,3,2,223,Regular
15211,59,2,894.4100000000001,1,3,3,313,Regular
15212,240,2,208.28,1,1,2,211,Lost
15213,318,2,328.35,1,2,2,212,Lost
15214,1,8,1661.44,3,4,5,534,Champions
15215,46,7,2422.43,3,4,4,434,Champions
15216,87,2,486.09,1,2,3,312,Regular
15217,562,1,426.24,1,2,1,112,Lost
15218,10,22,11453.83,4,5,5,545,Champions
15219,175,2,685.45,1,3,3,313,Regular
15220,51,6,1778.96,3,4,4,434,Champions
15221,365,4,2062.2000000000003,2,4,2,224,Regular
15222,318,11,3550.91,4,5,2,245,At Risk
15223,225,5,1417.95,3,4,2,234,At Risk
15224,357,5,871.36,3,3,2,233,At Risk
15225,233,1,409.40000000000003,1,2,2,212,Lost
15226,310,1,154.41,1,1,2,211,Lost
15227,36,9,2488.4900000000002,4,4,4,444,Champions
15228,65,6,5580.2699999999995,3,5,3,335,Regular
15229,585,1,160.5,1,1,1,111,Lost
15230,238,2,429.6,1,2,2,212,Lost
15231,620,1,250.26,1,1,1,111,Lost
15232,112,2,612.06,1,3,3,313,Regular
15233,400,1,59.400000000000006,1,1,2,211,Lost
15234,276,1,197.0,1,1,2,211,Lost
15235,217,16,2772.76,4,4,2,244,At Risk
15236,298,1,321.05,1,2,2,212,Lost
15237,1,4,1412.32,2,4,5,524,New
15238,28,3,1071.99,2,3,4,423,New
15239,9,2,780.59,1,3,5,513,New
15240,44,12,4459.98,4,5,4,445,Champions
15241,66,11,3050.16,4,5,3,345,Regular
15242,421,1,302.04,1,2,1,112,Lost
15243,73,2,927.2800000000001,1,3,3,313,Regular
15244,64,3,912.08,2,3,3,323,Regular
15245,133,8,4610.84,3,5,3,335,Regular
15246,237,3,780.4,2,3,2,223,Regular
15247,121,3,976.06,2,3,3,323,Regular
15248,410,3,1893.93,2,4,1,124,Regular
15249,31,18,9266.0,4,5,4,445,Champions
15250,640,1,60.0,1,1,1,111,Lost
15251,8,21,20324.54,4,5,5,545,Champions
15252,35,5,2103.41,3,4,4,434,Champions
15253,15,8,2055.09,3,4,5,534,Champions
15254,126,3,1088.35,2,3,3,323,Regular
15255,66,9,3706.02,4,5,3,345,Regular
15256,148,2,170.4,1,1,3,311,Regular
15257,282,2,685.9,1,3,2,213,Regular
15258,168,2,623.16,1,3,3,313,Regular
15259,512,4,1182.3799999999999,2,3,1,123,Regular
15260,99,25,8767.73,4,5,3,345,Regular
15261,134,4,1508.0,2,4,3,324,Regular
15262,323,3,418.82,2,2,2,222,Lost
15263,106,1,156.51,1,1,3,311,Regular
15264,63,2,848.4,1,3,3,313,Regular
15265,150,4,3345.64,2,5,3,325,Regular
15266,337,5,852.21,3,3,2,233,At Risk
15267,21,5,1717.36,3,4,4,434,Champions
15268,478,3,961.9000000000001,2,3,1,123,Regular
15269,23,3,1225.3600000000001,2,4,4,424,New
15270,15,21,8524.86,4,5,5,545,Champions
15271,6,24,4528.54,4,5,5,545,Champions
15272,56,6,2030.95,3,4,4,434,Champions
15273,599,1,228.96,1,1,1,111,Lost
15274,3,2,716.57,1,3,5,513,New
15275,37,1,615.14,1,3,4,413,New
15276,65,4,619.8,2,3,3,323,Regular
15277,46,2,476.34,1,2,4,412,New
15278,561,4,496.15999999999997,2,2,1,122,Lost
15279,354,5,1580.54,3,4,2,234,At Risk
15280,171,3,397.52,2,2,3,322,Regular
15281,58,16,8543.57,4,5,4,445,Champions
15282,569,1,348.59,1,2,1,112,Lost
15283,389,3,148.33,2,1,2,221,Lost
15284,499,1,24.75,1,1,1,111,Lost
15285,407,1,94.92,1,1,2,211,Lost
15286,49,1,240.55,1,1,4,411,New
15287,21,5,856.03,3,3,4,433,Regular
15288,42,10,3706.53,4,5,4,445,Champions
15289,28,5,1593.09,3,4,4,434,Champions
15290,4,26,10496.28,4,5,5,545,Champions
15291,25,39,13472.76,4,5,4,445,Champions
15292,200,1,178.39,1,1,2,211,Lost
15293,665,1,247.5,1,1,1,111,Lost
15294,410,1,233.35,1,1,1,111,Lost
15295,653,1,207.04,1,1,1,111,Lost
15296,50,12,10323.03,4,5,4,445,Champions
15297,9,3,641.94,2,3,5,523,New
15298,1,23,9061.77,4,5,5,545,Champions
15299,66,9,5556.53,4,5,3,345,Regular
15300,63,1,496.44,1,2,3,312,Regular
15301,50,17,6909.67,4,5,4,445,Champions
15302,729,1,308.0,1,2,1,112,Lost
15303,289,3,1224.18,2,4,2,224,Regular
15304,60,9,796.4000000000001,4,3,3,343,Regular
15305,554,1,93.6,1,1,1,111,Lost
15306,63,9,3484.73,4,5,3,345,Regular
15307,95,1,205.3,1,1,3,311,Regular
15308,273,1,310.47,1,2,2,212,Lost
15309,610,4,797.96,2,3,1,123,Regular
15310,478,1,1634.64,1,4,1,114,Regular
15311,0,207,114671.42,4,5,5,545,Champions
15312,74,12,2930.19,4,5,3,345,Regular
15313,109,1,52.0,1,1,3,311,Regular
15314,198,3,820.4499999999999,2,3,2,223,Regular
15315,63,2,570.5,1,2,3,312,Regular
15316,326,1,165.0,1,1,2,211,Lost
15317,676,1,129.75,1,1,1,111,Lost
15318,3,1,312.62,1,2,5,512,New
15319,283,1,204.5,1,1,2,211,Lost
15320,43,1,267.13,1,1,4,411,New
15321,70,12,6709.7300000000005,4,5,3,345,Regular
15322,85,2,1390.86,1,4,3,314,Regular
15323,562,3,434.6,2,2,1,122,Lost
15324,700,1,140.22000000000003,1,1,1,111,Lost
15325,103,8,1601.46,3,4,3,334,Regular
15326,333,5,1700.52,3,4,2,234,At Risk
15327,52,1,208.75,1,1,4,411,New
15328,407,1,107.24,1,1,2,211,Lost
15329,38,11,2958.83,4,5,4,445,Champions
15330,31,2,714.96,1,3,4,413,New
15331,499,3,767.91,2,3,1,123,Regular
15332,365,6,4892.68,3,5,2,235,At Risk
15333,207,1,1028.56,1,3,2,213,Regular
15334,156,3,347.87,2,2,3,322,Regular
15335,53,1,170.22,1,1,4,411,New
15336,401,1,240.5,1,1,2,211,Lost
15337,410,1,373.02,1,2,1,112,Lost
15338,676,1,277.93,1,1,1,111,Lost
15339,65,7,1821.02,3,4,3,334,Regular
15340,561,1,105.5,1,1,1,111,Lost
15341,80,2,2402.7200000000003,1,4,3,314,Regular
15342,129,1,406.09,1,2,3,312,Regular
15343,86,1,364.5,1,2,3,312,Regular
15344,0,3,563.94,2,2,5,522,New
15345,45,1,393.54,1,2,4,412,New
15346,332,3,596.12,2,2,2,222,Lost
15347,365,4,1162.0,2,3,2,223,Regular
15348,71,1,158.04,1,1,3,311,Regular
15349,157,2,463.90999999999997,1,2,3,312,Regular
15350,372,2,547.6,1,2,2,212,Lost
15351,11,10,3430.22,4,5,5,545,Champions
15352,548,1,111.15,1,1,1,111,Lost
15353,254,7,2794.4700000000003,3,4,2,234,At Risk
15355,28,2,277.05,1,1,4,411,New
15356,30,13,3239.57,4,5,4,445,Champions
15358,4,42,16425.86,4,5,5,545,Champions
15359,662,8,181.35,3,1,1,131,Regular
15360,39,1,427.93,1,2,4,412,New
15361,361,4,689.07,2,3,2,223,Regular
15362,448,2,613.08,1,3,1,113,Regular
15363,372,2,678.11,1,3,2,213,Regular
15364,95,2,913.19,1,3,3,313,Regular
15365,25,13,4557.13,4,5,4,445,Champions
15366,74,7,2389.08,3,4,3,334,Regular
15367,56,11,5081.33,4,5,4,445,Champions
15368,20,2,722.74,1,3,4,413,New
15369,491,11,6251.26,4,5,1,145,At Risk
15370,40,8,3739.01,3,5,4,435,Champions
15371,661,1,59.400000000000006,1,1,1,111,Lost
15372,136,8,6017.06,3,5,3,335,Regular
15373,7,17,3084.54,4,5,5,545,Champions
15374,128,2,307.32,1,2,3,312,Regular
15375,689,1,60.959999999999994,1,1,1,111,Lost
15376,39,3,1221.56,2,4,4,424,New
15377,382,4,1211.75,2,4,2,224,Regular
15378,462,2,246.5,1,1,1,111,Lost
15379,168,8,4877.84,3,5,3,335,Regular
15380,8,11,3248.96,4,5,5,545,Champions
15381,213,5,1890.5700000000002,3,4,2,234,At Risk
15382,14,12,13733.550000000001,4,5,5,545,Champions
15384,169,4,2027.79,2,4,3,324,Regular
15385,39,3,942.08,2,3,4,423,New
15386,185,1,394.14,1,2,3,312,Regular
15387,491,1,468.65,1,2,1,112,Lost
15388,269,1,140.54,1,1,2,211,Lost
15389,171,5,2733.8,3,4,3,334,Regular
15390,395,2,1216.66,1,4,2,214,Regular
15391,583,1,289.87,1,2,1,112,Lost
15392,4,7,2911.62,3,5,5,535,Champions
15393,15,5,891.34,3,3,5,533,Regular
15394,9,11,5286.8,4,5,5,545,Champions
15395,325,1,107.45,1,1,2,211,Lost
15396,112,2,796.38,1,3,3,313,Regular
15397,289,1,94.0,1,1,2,211,Lost
15398,15,2,1345.53,1,4,5,514,New
15399,0,3,815.77,2,3,5,523,New
15400,91,8,1302.3,3,4,3,334,Regular
15401,451,2,216.95000000000002,1,1,1,111,Lost
15402,148,6,1830.12,3,4,3,334,Regular
15403,491,2,170.88,1,1,1,111,Lost
15404,375,1,257.06,1,1,2,211,Lost
15405,188,2,659.84,1,3,2,213,Regular
15406,30,4,975.87,2,3,4,423,New
15407,33,4,1046.74,2,3,4,423,New
15408,263,1,267.18,1,1,2,211,Lost
15409,720,1,131.25,1,1,1,111,Lost
15410,83,10,4685.72,4,5,3,345,Regular
15411,25,4,1348.93,2,4,4,424,New
15412,170,1,190.53,1,1,3,311,Regular
15413,691,5,6798.72,3,5,1,135,At Risk
15414,9,3,774.9000000000001,2,3,5,523,New
15415,312,1,559.61,1,2,2,212,Lost
15416,64,7,4572.82,3,5,3,335,Regular
15417,84,1,508.8,1,2,3,312,Regular
15418,424,2,449.42,1,2,1,112,Lost
15419,24,1,135.86,1,1,4,411,New
15420,433,6,743.0,3,3,1,133,At Risk
15421,58,10,3805.34,4,5,4,445,Champions
15422,322,7,1619.97,3,4,2,234,At Risk
15423,37,3,266.89,2,1,4,421,New
15424,253,3,597.78,2,2,2,222,Lost
15425,399,4,1941.1200000000001,2,4,2,224,Regular
15426,18,9,2156.35,4,4,5,544,Champions
15427,32,3,1430.54,2,4,4,424,New
15428,14,4,762.75,2,3,5,523,New
15429,26,2,397.35,1,2,4,412,New
15430,467,2,954.75,1,3,1,113,Regular
15431,502,1,153.24,1,1,1,111,Lost
15432,22,2,320.76,1,2,4,412,New
15433,213,2,533.3,1,2,2,212,Lost
15434,7,11,2567.06,4,4,5,544,Champions
15435,21,1,149.29,1,1,4,411,New
15436,11,3,1067.75,2,3,5,523,New
15437,261,2,393.45,1,2,2,212,Lost
15438,130,1,156.57999999999998,1,1,3,311,Regular
15439,404,4,1269.05,2,4,2,224,Regular
15440,54,3,383.68,2,2,4,422,New
15441,395,3,1254.21,2,4,2,224,Regular
15442,248,1,594.0,1,2,2,212,Lost
15443,1,14,5114.23,4,5,5,545,Champions
15444,8,2,1411.21,1,4,5,514,New
15445,263,2,284.5,1,1,2,211,Lost
15446,376,3,396.75,2,2,2,222,Lost
15447,330,5,492.88,3,2,2,232,Regular
15448,312,2,788.81,1,3,2,213,Regular
15449,25,3,974.52,2,3,4,423,New
15450,29,1,429.84,1,2,4,412,New
15451,433,2,226.86,1,1,1,111,Lost
15452,29,6,1785.1100000000001,3,4,4,434,Champions
15453,1,7,1371.77,3,4,5,534,Champions
15454,361,2,303.89,1,2,2,212,Lost
15455,597,1,38.25,1,1,1,111,Lost
15456,282,10,2091.52,4,4,2,244,At Risk
15457,261,1,237.07,1,1,2,211,Lost
15458,24,2,370.43999999999994,1,2,4,412,New
15459,416,2,202.82999999999998,1,1,1,111,Lost
15460,353,1,214.26,1,1,2,211,Lost
15461,460,2,429.7,1,2,1,112,Lost
15462,93,4,737.05,2,3,3,323,Regular
15463,28,1,126.14,1,1,4,411,New
15464,337,1,1044.65,1,3,2,213,Regular
15465,19,32,12100.4,4,5,4,445,Champions
15466,84,4,1560.46,2,4,3,324,Regular
15467,8,3,524.88,2,2,5,522,New
15468,50,3,1430.48,2,4,4,424,New
15469,49,3,874.25,2,3,4,423,New
15470,575,1,63.419999999999995,1,1,1,111,Lost
15471,1,3,1292.01,2,4,5,524,New
15472,112,1,371.56,1,2,3,312,Regular
15473,13,8,2046.0,3,4,5,534,Champions
15474,595,1,150.35,1,1,1,111,Lost
15475,76,1,454.10999999999996,1,2,3,312,Regular
15476,379,4,2209.98,2,4,2,224,Regular
15477,649,1,368.4,1,2,1,112,Lost
15478,39,3,1940.98,2,4,4,424,New
15479,732,1,147.4,1,1,1,111,Lost
15480,115,3,3592.25,2,5,3,325,Regular
15481,400,1,1993.34,1,4,2,214,Regular
15482,15,18,14377.36,4,5,5,545,Champions
15483,160,10,810.68,4,3,3,343,Regular
15484,0,6,4652.1,3,5,5,535,Champions
15485,29,7,4810.92,3,5,4,435,Champions
15486,526,1,102.0,1,1,1,111,Lost
15487,679,1,231.32,1,1,1,111,Lost
15488,92,5,431.92,3,2,3,332,Regular
15489,22,8,2419.61,3,4,4,434,Champions
15490,429,1,210.85,1,1,1,111,Lost
15491,94,6,3100.09,3,5,3,335,Regular
15492,27,2,659.4599999999999,1,3,4,413,New
15493,32,9,4113.19,4,5,4,445,Champions
15494,20,5,3702.6,3,5,4,435,Champions
15495,378,1,246.5,1,1,2,211,Lost
15496,630,1,146.14000000000001,1,1,1,111,Lost
15497,17,9,8657.39,4,5,5,545,Champions
15498,2,44,24972.86,4,5,5,545,Champions
15499,723,1,158.65,1,1,1,111,Lost
15500,7,4,1131.56,2,3,5,523,New
15501,404,2,399.95,1,2,2,212,Lost
15502,15,12,9542.92,4,5,5,545,Champions
15503,362,2,257.3,1,1,2,211,Lost
15504,80,4,391.45,2,2,3,322,Regular
15505,52,5,3610.96,3,5,4,435,Champions
15506,22,6,2030.33,3,4,4,434,Champions
15507,171,1,475.86,1,2,3,312,Regular
15508,188,6,1000.27,3,3,2,233,At Risk
15509,379,1,152.41,1,1,2,211,Lost
15510,330,1,250.0,1,1,2,211,Lost
15511,11,5,900.53,3,3,5,533,Regular
15512,155,4,331.58,2,2,3,322,Regular
15513,32,35,26437.05,4,5,4,445,Champions
15514,11,18,6388.28,4,5,5,545,Champions
15515,386,1,171.81,1,1,2,211,Lost
15516,44,3,62.43,2,1,4,421,New
15517,232,1,267.03,1,1,2,211,Lost
15518,63,15,4189.99,4,5,3,345,Regular
15519,382,2,344.61,1,2,2,212,Lost
15520,1,1,343.5,1,2,5,512,New
15521,39,16,7087.64,4,5,4,445,Champions
15522,32,2,397.99,1,2,4,412,New
15523,83,16,17259.19,4,5,3,345,Regular
15524,24,2,591.4,1,2,4,412,New
15525,1,4,887.72,2,3,5,523,New
15526,32,2,148.44,1,1,4,411,New
15527,18,23,5554.04,4,5,5,545,Champions
15528,253,1,229.33,1,1,2,211,Lost
15529,22,12,4781.11,4,5,4,445,Champions
15530,21,5,1808.68,3,4,4,434,Champions
15531,7,2,1972.39,1,4,5,514,New
15532,24,10,3717.2,4,5,4,445,Champions
15533,18,3,807.57,2,3,5,523,New
15534,725,1,162.25,1,1,1,111,Lost
15535,172,6,1044.3700000000001,3,3,3,333,Regular
15536,408,1,259.09,1,1,2,211,Lost
15537,162,1,110.92,1,1,3,311,Regular
15538,537,6,3358.3999999999996,3,5,1,135,At Risk
15539,6,1,538.46,1,2,5,512,New
15540,10,2,460.68,1,2,5,512,New
15541,113,1,85.13000000000001,1,1,3,311,Regular
15542,511,3,855.71,2,3,1,123,Regular
15543,287,2,242.26,1,1,2,211,Lost
15544,8,20,7807.89,4,5,5,545,Champions
15545,53,2,288.96999999999997,1,2,4,412,New
15546,606,2,1079.1000000000001,1,3,1,113,Regular
15547,6,26,10002.65,4,5,5,545,Champions
15548,595,1,158.09,1,1,1,111,Lost
15549,76,8,2330.41,3,4,3,334,Regular
15550,3,12,2211.05,4,4,5,544,Champions
15551,36,7,1679.81,3,4,4,434,Champions
15552,216,2,252.52,1,1,2,211,Lost
15553,59,1,428.93,1,2,3,312,Regular
15554,277,1,217.2,1,1,2,211,Lost
15555,11,36,11233.78,4,5,5,545,Champions
15556,23,1,279.77,1,1,4,411,New
15557,28,1,468.91,1,2,4,412,New
15558,638,1,202.68,1,1,1,111,Lost
15559,567,1,1109.4,1,3,1,113,Regular
15560,397,2,153.52,1,1,2,211,Lost
15561,11,8,1934.3899999999999,3,4,5,534,Champions
15562,351,3,671.4300000000001,2,3,2,223,Regular
15563,21,6,2820.46,3,4,4,434,Champions
15564,462,2,70.74000000000001,1,1,1,111,Lost
15565,49,2,173.16,1,1,4,411,New
15566,392,2,227.87,1,1,2,211,Lost
15567,18,1,186.01,1,1,5,511,New
15568,2,3,758.29,2,3,5,523,New
15569,103,10,3583.45,4,5,3,345,Regular
15570,6,25,8736.49,4,5,5,545,Champions
15571,11,14,3892.35,4,5,5,545,Champions
15572,4,10,3965.2,4,5,5,545,Champions
15573,31,5,1180.47,3,3,4,433,Regular
15574,177,6,1101.44,3,3,3,333,Regular
15575,619,1,30.1,1,1,1,111,Lost
15576,37,1,921.37,1,3,4,413,New
15577,150,5,396.03000000000003,3,2,3,332,Regular
15578,161,1,127.1,1,1,3,311,Regular
15579,68,5,1250.63,3,4,3,334,Regular
15580,376,8,1375.39,3,4,2,234,At Risk
15581,155,34,4505.16,4,5,3,345,Regular
15582,24,3,682.9100000000001,2,3,4,423,New
15583,375,1,95.96,1,1,2,211,Lost
15584,23,6,1268.2,3,4,4,434,Champions
15585,176,1,455.3,1,2,3,312,Regular
15586,592,3,1139.1,2,3,1,123,Regular
15587,49,7,1522.0800000000002,3,4,4,434,Champions
15588,677,1,579.6,1,2,1,112,Lost
15589,255,3,478.53000000000003,2,2,2,222,Lost
15590,381,5,1496.6,3,4,2,234,At Risk
15591,582,3,217.9,2,1,1,121,Lost
15592,46,1,388.58,1,2,4,412,New
15593,70,1,199.8,1,1,3,311,Regular
15594,15,5,1771.78,3,4,5,534,Champions
15595,487,1,357.6,1,2,1,112,Lost
15596,100,9,2727.72,4,4,3,344,Regular
15597,34,2,563.37,1,2,4,412,New
15598,52,2,548.02,1,2,4,412,New
15599,26,3,1250.06,2,4,4,424,New
15600,427,4,1199.31,2,3,1,123,Regular
15601,10,30,14191.74,4,5,5,545,Champions
15602,7,16,3137.96,4,5,5,545,Champions
15603,78,2,88.48,1,1,3,311,Regular
15604,51,1,216.39,1,1,4,411,New
15605,35,9,1741.95,4,4,4,444,Champions
15606,60,17,5230.99,4,5,3,345,Regular
15607,336,9,1708.97,4,4,2,244,At Risk
15608,27,5,1785.98,3,4,4,434,Champions
15609,183,1,298.48,1,2,3,312,Regular
15610,51,1,112.46000000000001,1,1,4,411,New
15611,9,24,2976.28,4,5,5,545,Champions
15612,35,2,195.15,1,1,4,411,New
15613,609,1,433.71999999999997,1,2,1,112,Lost
15614,437,4,3147.36,2,5,1,125,Regular
15615,9,47,21373.97,4,5,5,545,Champions
15616,437,1,317.11,1,2,1,112,Lost
15617,395,3,828.5500000000001,2,3,2,223,Regular
15618,32,4,776.85,2,3,4,423,New
15619,10,1,336.40000000000003,1,2,5,512,New
15620,56,4,1942.36,2,4,4,424,New
15621,3,4,1293.03,2,4,5,524,New
15622,42,17,7852.61,4,5,4,445,Champions
15623,140,8,2437.05,3,4,3,334,Regular
15624,116,4,588.13,2,2,3,322,Regular
15625,103,9,3236.4,4,5,3,345,Regular
15626,74,3,1067.52,2,3,3,323,Regular
15627,456,2,566.9,1,2,1,112,Lost
15628,4,17,5333.08,4,5,5,545,Champions
15629,449,4,2240.9,2,4,1,124,Regular
15630,44,3,1481.4,2,4,4,424,New
15631,641,1,596.67,1,2,1,112,Lost
15632,15,8,3285.31,3,5,5,535,Champions
15633,508,13,4335.96,4,5,1,145,At Risk
15634,16,2,554.65,1,2,5,512,New
15635,395,1,100.35,1,1,2,211,Lost
15636,89,4,1444.58,2,4,3,324,Regular
15637,52,5,797.59,3,3,4,433,Regular
15638,378,6,2265.2,3,4,2,234,At Risk
15639,133,3,1065.08,2,3,3,323,Regular
15640,3,29,23459.51,4,5,5,545,Champions
15641,104,12,5345.55,4,5,3,345,Regular
15642,729,1,105.78000000000002,1,1,1,111,Lost
15643,191,3,664.0,2,3,2,223,Regular
15644,165,4,803.54,2,3,3,323,Regular
15645,18,3,1054.75,2,3,5,523,New
15646,157,5,784.8100000000001,3,3,3,333,Regular
15647,414,1,169.0,1,1,1,111,Lost
15648,203,2,639.5,1,3,2,213,Regular
15649,335,4,1660.35,2,4,2,224,Regular
15650,521,2,553.88,1,2,1,112,Lost
15651,36,5,1259.06,3,4,4,434,Champions
15652,90,5,1405.94,3,4,3,334,Regular
15653,92,2,877.4399999999999,1,3,3,313,Regular
15654,8,2,922.53,1,3,5,513,New
15655,242,1,560.67,1,2,2,212,Lost
15656,44,4,748.5,2,3,4,423,New
15657,22,1,30.0,1,1,4,411,New
15658,189,8,2117.27,3,4,2,234,At Risk
15659,43,3,532.49,2,2,4,422,New
15660,24,15,2603.69,4,4,4,444,Champions
15661,316,8,1215.95,3,4,2,234,At Risk
15662,660,2,283.73,1,1,1,111,Lost
15663,105,1,138.14,1,1,3,311,Regular
15664,50,4,1231.53,2,4,4,424,New
15665,167,5,3987.07,3,5,3,335,Regular
15666,471,2,632.9399999999999,1,3,1,113,Regular
15667,39,1,301.32,1,2,4,412,New
15668,217,1,76.32000000000001,1,1,2,211,Lost
15669,39,4,684.34,2,3,4,423,New
15670,296,2,325.2,1,2,2,212,Lost
15671,18,7,2657.13,3,4,5,534,Champions
15672,724,1,45.300000000000004,1,1,1,111,Lost
15673,87,9,6204.32,4,5,3,345,Regular
15674,72,12,6613.52,4,5,3,345,Regular
15675,80,4,542.04,2,2,3,322,Regular
15676,18,3,3435.76,2,5,5,525,New
15677,48,3,1305.63,2,4,4,424,New
15678,52,3,1825.94,2,4,4,424,New
15679,23,4,781.28,2,3,4,423,New
15680,8,10,4028.69,4,5,5,545,Champions
15681,24,14,2989.7,4,5,4,445,Champions
15682,598,2,318.24,1,2,1,112,Lost
15683,116,2,524.54,1,2,3,312,Regular
15684,546,3,173.95,2,1,1,121,Lost
15685,449,1,55.980000000000004,1,1,1,111,Lost
15686,419,1,90.0,1,1,1,111,Lost
15687,8,9,2993.1,4,5,5,545,Champions
15688,418,1,190.57,1,1,1,111,Lost
15689,119,3,521.03,2,2,3,322,Regular
15690,3,2,239.76,1,1,5,511,New
15691,251,4,571.3,2,2,2,222,Lost
15692,27,1,191.04,1,1,4,411,New
15693,658,1,37.5,1,1,1,111,Lost
15694,0,23,9963.48,4,5,5,545,Champions
15695,266,4,1131.04,2,3,2,223,Regular
15696,32,13,3881.2200000000003,4,5,4,445,Champions
15697,689,1,246.75,1,1,1,111,Lost
15698,623,1,46.2,1,1,1,111,Lost
15699,17,1,309.65,1,2,5,512,New
15700,171,2,696.68,1,3,3,313,Regular
15701,1,4,1529.0,2,4,5,524,New
15702,475,1,112.57000000000001,1,1,1,111,Lost
15703,264,1,211.5,1,1,2,211,Lost
15704,139,6,3734.6600000000003,3,5,3,335,Regular
15705,200,1,143.1,1,1,2,211,Lost
15706,63,4,1060.56,2,3,3,323,Regular
15707,34,4,916.98,2,3,4,423,New
15708,40,9,3887.15,4,5,4,445,Champions
15709,283,2,327.85,1,2,2,212,Lost
15710,416,1,898.87,1,3,1,113,Regular
15711,556,2,420.25,1,2,1,112,Lost
15712,8,12,3472.4100000000003,4,5,5,545,Champions
15713,142,4,839.64,2,3,3,323,Regular
15714,11,5,783.96,3,3,5,533,Regular
15715,555,5,658.02,3,3,1,133,At Risk
15716,145,11,2482.7400000000002,4,4,3,344,Regular
15717,233,5,607.0,3,3,2,233,At Risk
15718,539,1,293.79,1,2,1,112,Lost
15719,32,31,10194.32,4,5,4,445,Champions
15720,23,2,739.22,1,3,4,413,New
15721,11,1,471.40000000000003,1,2,5,512,New
15722,35,11,5234.0,4,5,4,445,Champions
15723,364,4,930.7,2,3,2,223,Regular
15724,200,3,310.85,2,2,2,222,Lost
15725,14,1,415.25,1,2,5,512,New
15726,389,1,321.91,1,2,2,212,Lost
15727,16,15,9371.71,4,5,5,545,Champions
15728,379,2,544.6,1,2,2,212,Lost
15729,212,3,192.55,2,1,2,221,Lost
15730,65,5,1726.58,3,4,3,334,Regular
15731,553,1,125.3,1,1,1,111,Lost
15732,211,10,1543.97,4,4,2,244,At Risk
15733,282,1,162.3,1,1,2,211,Lost
15734,114,4,2263.3,2,4,3,324,Regular
15735,420,1,327.68,1,2,1,112,Lost
15736,434,2,1767.12,1,4,1,114,Regular
15737,14,8,1188.1200000000001,3,3,5,533,Regular
15738,18,41,13043.32,4,5,5,545,Champions
15739,65,1,449.12,1,2,3,312,Regular
15740,48,1,154.88,1,1,4,411,New
15741,457,2,208.62,1,1,1,111,Lost
15742,618,1,156.87,1,1,1,111,Lost
15743,15,4,775.96,2,3,5,523,New
15744,77,1,34.8,1,1,3,311,Regular
15745,18,4,1094.59,2,3,5,523,New
15746,133,1,196.88,1,1,3,311,Regular
15747,12,9,2499.81,4,4,5,544,Champions
15748,39,3,609.8100000000001,2,3,4,423,New
15749,234,3,44534.3,2,5,2,225,Regular
15750,2,18,6452.99,4,5,5,545,Champions
15751,460,11,1380.44,4,4,1,144,At Risk
15752,39,9,3924.91,4,5,4,445,Champions
15753,304,1,79.2,1,1,2,211,Lost
15754,50,9,3037.61,4,5,4,445,Champions
15755,9,17,5993.12,4,5,5,545,Champions
15756,60,4,528.01,2,2,3,322,Regular
15757,65,6,2940.36,3,5,3,335,Regular
15758,24,1,205.25,1,1,4,411,New
15759,217,7,830.9300000000001,3,3,2,233,At Risk
15761,442,1,143.05,1,1,1,111,Lost
15762,64,2,583.75,1,2,3,312,Regular
15763,31,2,1086.92,1,3,4,413,New
15764,87,8,4503.08,3,5,3,335,Regular
15765,666,1,370.63,1,2,1,112,Lost
15766,63,3,831.06,2,3,3,323,Regular
15768,115,34,15308.89,4,5,3,345,Regular
15769,6,46,88612.52,4,5,5,545,Champions
15770,612,1,321.45,1,2,1,112,Lost
15771,603,3,1006.54,2,3,1,123,Regular
15772,417,1,280.88,1,1,1,111,Lost
15773,5,2,774.52,1,3,5,513,New
15774,68,6,1287.09,3,4,3,334,Regular
15775,244,2,150.5,1,1,2,211,Lost
15776,132,1,241.62,1,1,3,311,Regular
15777,240,7,1762.61,3,4,2,234,At Risk
15778,430,1,307.95,1,2,1,112,Lost
15779,462,2,124.08000000000001,1,1,1,111,Lost
15780,183,3,475.28000000000003,2,2,3,322,Regular
15781,24,3,345.46,2,2,4,422,New
15782,9,4,4014.1,2,5,5,525,New
15783,10,1,246.3,1,1,5,511,New
15784,467,2,848.3299999999999,1,3,1,113,Regular
15785,32,16,5969.93,4,5,4,445,Champions
15786,45,5,8501.62,3,5,4,435,Champions
15787,25,3,933.26,2,3,4,423,New
15788,508,1,221.82999999999998,1,1,1,111,Lost
15789,357,6,1962.01,3,4,2,234,At Risk
15790,9,1,218.75,1,1,5,511,New
15791,43,5,3608.34,3,5,4,435,Champions
15792,399,2,933.84,1,3,2,213,Regular
15793,14,8,2399.57,3,4,5,534,Champions
15794,735,2,777.0,1,3,1,113,Regular
15795,149,8,1979.8700000000001,3,4,3,334,Regular
15796,0,17,5170.63,4,5,5,545,Champions
15797,112,5,2806.08,3,4,3,334,Regular
15798,492,3,1535.37,2,4,1,124,Regular
15799,75,4,1421.34,2,4,3,324,Regular
15800,106,7,1227.07,3,4,3,334,Regular
15801,45,3,1063.95,2,3,4,423,New
15803,50,4,1929.66,2,4,4,424,New
15804,0,13,4206.39,4,5,5,545,Champions
15805,22,30,10148.93,4,5,4,445,Champions
15806,45,3,784.58,2,3,4,423,New
15807,49,5,1817.52,3,4,4,434,Champions
15808,305,21,17180.25,4,5,2,245,At Risk
15809,35,7,1274.44,3,4,4,434,Champions
15810,78,8,2999.04,3,5,3,335,Regular
15811,21,7,3392.55,3,5,4,435,Champions
15812,106,12,5201.47,4,5,3,345,Regular
15813,207,2,1303.9099999999999,1,4,2,214,Regular
15814,16,6,2634.44,3,4,5,534,Champions
15815,63,5,2100.6,3,4,3,334,Regular
15816,541,2,144.14999999999998,1,1,1,111,Lost
15817,420,3,2766.4,2,4,1,124,Regular
15818,587,1,340.5,1,2,1,112,Lost
15819,48,10,3934.79,4,5,4,445,Champions
15820,319,1,206.98,1,1,2,211,Lost
15821,43,2,570.96,1,2,4,412,New
15822,2,6,1840.06,3,4,5,534,Champions
15823,728,2,3867.17,1,5,1,115,Regular
15824,452,2,890.94,1,3,1,113,Regular
15825,171,1,532.94,1,2,3,312,Regular
15826,55,4,2598.28,2,4,4,424,New
15827,72,28,3603.14,4,5,3,345,Regular
15828,374,1,1108.82,1,3,2,213,Regular
15829,98,2,636.14,1,3,3,313,Regular
15830,37,1,576.0,1,2,4,412,New
15831,57,3,794.64,2,3,4,423,New
15832,253,1,836.79,1,3,2,213,Regular
15833,737,1,80.4,1,1,1,111,Lost
15834,69,7,3761.89,3,5,3,335,Regular
15835,43,4,954.09,2,3,4,423,New
15836,49,1,137.37,1,1,4,411,New
15837,64,2,777.01,1,3,3,313,Regular
15838,10,34,73205.5,4,5,5,545,Champions
15839,32,3,1048.49,2,3,4,423,New
15840,58,2,355.56,1,2,4,412,New
15841,72,9,2742.41,4,4,3,344,Regular
15842,392,2,548.8,1,2,2,212,Lost
15843,303,1,118.95000000000002,1,1,2,211,Lost
15844,45,1,130.73999999999998,1,1,4,411,New
15845,17,11,4426.28,4,5,5,545,Champions
15846,384,1,107.01,1,1,2,211,Lost
15847,37,5,822.57,3,3,4,433,Regular
15848,621,1,137.99,1,1,1,111,Lost
15850,18,6,1006.75,3,3,5,533,Regular
15851,526,1,109.73,1,1,1,111,Lost
15852,186,3,257.26,2,1,3,321,Regular
15853,51,1,110.8,1,1,4,411,New
15854,3,21,5578.28,4,5,5,545,Champions
15855,136,6,1052.72,3,3,3,333,Regular
15856,3,52,32274.69,4,5,5,545,Champions
15857,18,2,570.48,1,2,5,512,New
15858,15,13,3552.41,4,5,5,545,Champions
15859,431,1,438.46,1,2,1,112,Lost
15860,40,17,2358.8,4,4,4,444,Champions
15861,11,12,4360.9,4,5,5,545,Champions
15862,7,13,2507.14,4,4,5,544,Champions
15863,25,5,355.1,3,2,4,432,Regular
15864,21,7,2180.76,3,4,4,434,Champions
15865,40,5,2241.42,3,4,4,434,Champions
15866,100,1,211.89,1,1,3,311,Regular
15867,4,31,8869.87,4,5,5,545,Champions
15868,582,1,94.53,1,1,1,111,Lost
15869,276,3,321.11,2,2,2,222,Lost
15870,32,4,857.46,2,3,4,423,New
15871,436,1,33.099999999999994,1,1,1,111,Lost
15872,14,4,729.25,2,3,5,523,New
15873,499,4,313.91999999999996,2,2,1,122,Lost
15874,63,21,11284.76,4,5,3,345,Regular
15875,645,1,108.52,1,1,1,111,Lost
15876,408,2,1449.1399999999999,1,4,2,214,Regular
15877,1,2,490.33,1,2,5,512,New
15878,561,2,330.77,1,2,1,112,Lost
15879,403,4,1137.8,2,3,2,223,Regular
15880,368,1,329.03000000000003,1,2,2,212,Lost
15881,311,5,501.39000000000004,3,2,2,232,Regular
15882,198,8,1122.38,3,3,2,233,At Risk
15883,1,2,396.48,1,2,5,512,New
15884,431,2,244.60000000000002,1,1,1,111,Lost
15885,92,13,1921.82,4,4,3,344,Regular
15886,59,4,1052.8700000000001,2,3,3,323,Regular
15887,406,3,1027.15,2,3,2,223,Regular
15888,80,3,423.49,2,2,3,322,Regular
15889,156,8,1407.05,3,4,3,334,Regular
15890,394,5,535.65,3,2,2,232,Regular
15891,226,1,509.13,1,2,2,212,Lost
15892,668,1,128.2,1,1,1,111,Lost
15893,481,1,305.28000000000003,1,2,1,112,Lost
15894,252,2,257.6,1,1,2,211,Lost
15895,149,1,179.17,1,1,3,311,Regular
15897,193,2,208.59,1,1,2,211,Lost
15898,0,25,4992.7,4,5,5,545,Champions
15899,368,1,56.25,1,1,2,211,Lost
15900,23,4,886.5699999999999,2,3,4,423,New
15901,16,6,667.89,3,3,5,533,Regular
15902,379,1,145.01,1,1,2,211,Lost
15903,9,12,8939.84,4,5,5,545,Champions
15904,7,1,164.68,1,1,5,511,New
15905,542,1,114.69,1,1,1,111,Lost
15906,19,10,2530.19,4,4,4,444,Champions
15907,3,3,881.87,2,3,5,523,New
15908,490,2,758.62,1,3,1,113,Regular
15909,173,1,191.94,1,1,3,311,Regular
15910,0,15,2661.17,4,4,5,544,Champions
15911,623,8,1683.79,3,4,1,134,At Risk
15912,177,9,1074.7,4,3,3,343,Regular
15913,533,1,6.300000000000001,1,1,1,111,Lost
15914,377,2,205.99,1,1,2,211,Lost
15915,401,1,364.24,1,2,2,212,Lost
15916,15,13,3145.2400000000002,4,5,5,545,Champions
15917,247,5,530.17,3,2,2,232,Regular
15918,190,3,582.88,2,2,2,222,Lost
15919,19,2,525.69,1,2,4,412,New
15920,153,8,565.19,3,2,3,332,Regular
15921,172,4,765.61,2,3,3,323,Regular
15922,372,1,369.5,1,2,2,212,Lost
15923,372,1,127.08,1,1,2,211,Lost
15924,730,1,102.82,1,1,1,111,Lost
15925,193,1,207.15,1,1,2,211,Lost
15926,541,1,134.44,1,1,1,111,Lost
15927,646,1,106.54,1,1,1,111,Lost
15928,655,1,293.53,1,2,1,112,Lost
15929,643,1,594.0,1,2,1,112,Lost
15930,66,1,426.63,1,2,3,312,Regular
15931,427,1,239.9,1,1,1,111,Lost
15932,3,8,2495.87,3,4,5,534,Champions
15933,20,3,1107.46,2,3,4,423,New
15934,417,2,2190.66,1,4,1,114,Regular
15935,238,1,108.03999999999999,1,1,2,211,Lost
15936,378,2,282.79,1,1,2,211,Lost
15937,63,1,145.35,1,1,3,311,Regular
15938,111,9,734.81,4,3,3,343,Regular
15939,89,15,9004.84,4,5,3,345,Regular
15940,310,1,35.8,1,1,2,211,Lost
15941,636,1,405.0,1,2,1,112,Lost
15942,133,1,337.44,1,2,3,312,Regular
15943,649,2,271.28999999999996,1,1,1,111,Lost
15944,276,4,2164.24,2,4,2,224,Regular
15945,364,4,646.27,2,3,2,223,Regular
15946,502,3,2304.18,2,4,1,124,Regular
15947,82,1,1708.24,1,4,3,314,Regular
15948,7,3,1509.0900000000001,2,4,5,524,New
15949,16,2,364.72,1,2,5,512,New
15950,31,10,7120.91,4,5,4,445,Champions
15951,8,3,1013.17,2,3,5,523,New
15952,33,4,781.91,2,3,4,423,New
15953,14,18,3440.3399999999997,4,5,5,545,Champions
15954,588,1,187.8,1,1,1,111,Lost
15955,23,22,8085.9800000000005,4,5,4,445,Champions
15956,550,2,617.6,1,3,1,113,Regular
15957,31,3,921.25,2,3,4,423,New
15958,73,4,462.12,2,2,3,322,Regular
15959,681,3,542.89,2,2,1,122,Lost
15960,373,4,410.95,2,2,2,222,Lost
15961,378,1,451.28999999999996,1,2,2,212,Lost
15962,448,1,289.48,1,2,1,112,Lost
15963,19,2,470.76,1,2,4,412,New
15964,662,1,269.21000000000004,1,1,1,111,Lost
15965,16,13,2771.94,4,4,5,544,Champions
15966,450,1,426.53000000000003,1,2,1,112,Lost
15967,22,12,2966.0,4,5,4,445,Champions
15968,387,1,401.8,1,2,2,212,Lost
15969,2,5,1127.05,3,3,5,533,Regular
15970,303,2,1017.32,1,3,2,213,Regular
15971,17,18,5897.88,4,5,5,545,Champions
15972,455,5,1769.33,3,4,1,134,At Risk
15973,366,2,665.62,1,3,2,213,Regular
15974,38,7,3442.15,3,5,4,435,Champions
15975,83,1,371.01,1,2,3,312,Regular
15976,164,6,1680.31,3,4,3,334,Regular
15977,16,2,1054.73,1,3,5,513,New
15978,76,3,3279.42,2,5,3,325,Regular
15979,602,1,329.22,1,2,1,112,Lost
15980,88,7,6543.68,3,5,3,335,Regular
15981,24,21,9362.77,4,5,4,445,Champions
15982,604,1,324.51,1,2,1,112,Lost
15983,21,8,3110.37,3,5,4,435,Champions
15984,2,30,8393.02,4,5,5,545,Champions
15985,122,7,2715.28,3,4,3,334,Regular
15986,29,2,354.42,1,2,4,412,New
15987,11,8,1535.99,3,4,5,534,Champions
15988,18,3,736.39,2,3,5,523,New
15989,375,2,368.31,1,2,2,212,Lost
15990,43,7,1997.75,3,4,4,434,Champions
15991,533,1,150.55,1,1,1,111,Lost
15992,3,3,896.6,2,3,5,523,New
15993,8,7,2768.97,3,4,5,534,Champions
15994,54,3,1175.68,2,3,4,423,New
15995,413,1,694.54,1,3,1,113,Regular
15996,87,7,1386.4,3,4,3,334,Regular
15998,36,16,8274.14,4,5,4,445,Champions
15999,735,1,20.4,1,1,1,111,Lost
16000,2,3,12393.7,2,5,5,525,New
16001,380,1,583.39,1,2,2,212,Lost
16002,624,1,169.21,1,1,1,111,Lost
16003,29,10,5613.83,4,5,4,445,Champions
16004,474,5,2146.39,3,4,1,134,At Risk
16005,11,10,2365.07,4,4,5,544,Champions
16006,210,2,332.82,1,2,2,212,Lost
16007,47,7,3053.06,3,5,4,435,Champions
16008,23,15,5339.13,4,5,4,445,Champions
16009,21,4,972.11,2,3,4,423,New
16010,245,11,1694.86,4,4,2,244,At Risk
16011,7,29,5599.31,4,5,5,545,Champions
16012,34,5,2978.59,3,5,4,435,Champions
16013,3,84,56078.44,4,5,5,545,Champions
16014,37,5,1100.28,3,3,4,433,Regular
16015,3,3,704.26,2,3,5,523,New
16016,2,11,2083.4,4,4,5,544,Champions
16017,46,5,1545.58,3,4,4,434,Champions
16018,38,4,698.13,2,3,4,423,New
16019,46,27,17329.16,4,5,4,445,Champions
16020,16,3,851.01,2,3,5,523,New
16021,394,2,487.03,1,2,2,212,Lost
16022,259,1,602.63,1,2,2,212,Lost
16023,45,3,719.81,2,3,4,423,New
16024,11,3,478.71,2,2,5,522,New
16025,29,1,439.65999999999997,1,2,4,412,New
16026,42,1,236.09,1,1,4,411,New
16027,91,15,2048.36,4,4,3,344,Regular
16028,595,1,82.2,1,1,1,111,Lost
16029,38,106,109620.87,4,5,4,445,Champions
16030,309,1,331.24,1,2,2,212,Lost
16031,91,2,547.9,1,2,3,312,Regular
16032,455,6,1965.72,3,4,1,134,At Risk
16033,5,27,10608.81,4,5,5,545,Champions
16034,195,6,911.3199999999999,3,3,2,233,At Risk
16035,559,1,217.73,1,1,1,111,Lost
16036,86,4,2556.84,2,4,3,324,Regular
16037,269,5,1509.34,3,4,2,234,At Risk
16038,7,3,471.78000000000003,2,2,5,522,New
16039,423,2,456.4,1,2,1,112,Lost
16040,64,7,2416.9,3,4,3,334,Regular
16041,30,3,3166.4,2,5,4,425,New
16042,21,8,2245.32,3,4,4,434,Champions
16043,37,8,1856.5900000000001,3,4,4,434,Champions
16044,434,1,340.84000000000003,1,2,1,112,Lost
16045,119,8,3434.9300000000003,3,5,3,335,Regular
16046,561,1,235.78,1,1,1,111,Lost
16048,372,4,818.7900000000001,2,3,2,223,Regular
16049,39,6,1852.15,3,4,4,434,Champions
16050,173,3,300.7,2,2,3,322,Regular
16051,681,1,188.44,1,1,1,111,Lost
16052,53,1,362.06,1,2,4,412,New
16053,32,6,3634.84,3,5,4,435,Champions
16054,144,4,2111.88,2,4,3,324,Regular
16055,220,1,134.8,1,1,2,211,Lost
16056,44,1,650.75,1,3,4,413,New
16057,15,10,3854.85,4,5,5,545,Champions
16058,405,1,62.7,1,1,2,211,Lost
16059,65,12,3053.57,4,5,3,345,Regular
16060,400,3,541.95,2,2,2,222,Lost
16061,430,1,89.65,1,1,1,111,Lost
16062,9,8,2863.45,3,4,5,534,Champions
16063,259,1,335.32,1,2,2,212,Lost
16064,724,1,109.31,1,1,1,111,Lost
16065,364,8,1992.13,3,4,2,234,At Risk
16066,16,5,1521.04,3,4,5,534,Champions
16067,562,3,3269.11,2,5,1,125,Regular
16068,593,1,115.73,1,1,1,111,Lost
16069,417,1,457.7,1,2,1,112,Lost
16070,21,2,852.15,1,3,4,413,New
16071,44,4,1076.8,2,3,4,423,New
16072,287,4,4180.09,2,5,2,225,Regular
16073,296,1,122.39999999999999,1,1,2,211,Lost
16074,389,1,252.5,1,1,2,211,Lost
16075,502,2,736.9300000000001,1,3,1,113,Regular
16076,2,10,2234.73,4,4,5,544,Champions
16077,625,1,2300.4,1,4,1,114,Regular
16078,283,2,362.99,1,2,2,212,Lost
16079,16,3,1352.0,2,4,5,524,New
16080,81,4,602.5600000000001,2,2,3,322,Regular
16081,55,8,4278.96,3,5,4,435,Champions
16082,669,1,106.75,1,1,1,111,Lost
16083,100,4,2351.42,2,4,3,324,Regular
16084,298,1,436.18,1,2,2,212,Lost
16085,22,12,2324.71,4,4,4,444,Champions
16086,58,10,2687.73,4,4,4,444,Champions
16087,388,5,1739.92,3,4,2,234,At Risk
16088,575,2,1437.43,1,4,1,114,Regular
16089,385,2,263.49,1,1,2,211,Lost
16090,623,1,180.56,1,1,1,111,Lost
16091,154,2,315.06,1,2,3,312,Regular
16092,114,6,1587.94,3,4,3,334,Regular
16093,106,1,17.0,1,1,3,311,Regular
16094,11,11,3695.56,4,5,5,545,Champions
16095,455,1,447.05,1,2,1,112,Lost
16096,263,4,1584.97,2,4,2,224,Regular
16097,239,1,185.04999999999998,1,1,2,211,Lost
16098,87,14,4010.7,4,5,3,345,Regular
16099,49,7,1573.2,3,4,4,434,Champions
16100,462,1,582.64,1,2,1,112,Lost
16101,70,4,3229.16,2,5,3,325,Regular
16102,41,3,1842.14,2,4,4,424,New
16103,6,22,6191.71,4,5,5,545,Champions
16104,61,9,2774.46,4,4,3,344,Regular
16105,248,5,2386.19,3,4,2,234,At Risk
16106,65,1,108.38,1,1,3,311,Regular
16107,17,7,3204.1600000000003,3,5,5,535,Champions
16108,84,4,2235.92,2,4,3,324,Regular
16109,218,3,939.48,2,3,2,223,Regular
16110,44,4,1781.59,2,4,4,424,New
16111,427,1,549.33,1,2,1,112,Lost
16112,142,4,195.73999999999998,2,1,3,321,Regular
16113,182,1,161.38,1,1,3,311,Regular
16114,170,1,135.75000000000003,1,1,3,311,Regular
16115,9,12,2553.8,4,4,5,544,Champions
16116,211,1,612.78,1,3,2,213,Regular
16117,189,3,654.4,2,3,2,223,Regular
16118,652,1,4376.25,1,5,1,115,Regular
16119,7,8,1720.81,3,4,5,534,Champions
16120,58,6,2967.51,3,5,4,435,Champions
16121,56,5,1450.04,3,4,4,434,Champions
16122,72,6,895.62,3,3,3,333,Regular
16123,51,1,307.78,1,2,4,412,New
16124,316,4,1772.49,2,4,2,224,Regular
16125,366,14,4292.35,4,5,2,245,At Risk
16126,28,15,14644.6,4,5,4,445,Champions
16127,38,2,801.31,1,3,4,413,New
16128,17,11,3801.05,4,5,5,545,Champions
16129,406,3,1396.05,2,4,2,224,Regular
16130,421,4,987.48,2,3,1,123,Regular
16131,51,12,9957.42,4,5,4,445,Champions
16132,543,2,664.1999999999999,1,3,1,113,Regular
16133,3,56,22992.260000000002,4,5,5,545,Champions
16134,21,5,2145.34,3,4,4,434,Champions
16135,262,2,819.45,1,3,2,213,Regular
16136,59,4,946.8,2,3,3,323,Regular
16137,679,1,422.7,1,2,1,112,Lost
16138,378,3,910.35,2,3,2,223,Regular
16139,18,5,1111.15,3,3,5,533,Regular
16140,65,3,1433.46,2,4,3,324,Regular
16141,87,2,955.94,1,3,3,313,Regular
16142,249,1,535.34,1,2,2,212,Lost
16143,2,12,4555.08,4,5,5,545,Champions
16144,246,1,175.2,1,1,2,211,Lost
16145,8,19,6805.4400000000005,4,5,5,545,Champions
16146,156,4,946.38,2,3,3,323,Regular
16147,133,5,2398.91,3,4,3,334,Regular
16148,295,2,386.62,1,2,2,212,Lost
16149,4,3,422.22,2,2,5,522,New
16150,42,10,4002.17,4,5,4,445,Champions
16152,268,1,1829.04,1,4,2,214,Regular
16153,49,11,5133.49,4,5,4,445,Champions
16155,381,5,796.9,3,3,2,233,At Risk
16156,8,20,6188.18,4,5,5,545,Champions
16157,15,3,656.69,2,3,5,523,New
16158,521,9,628.32,4,3,1,143,At Risk
16159,281,4,1232.79,2,4,2,224,Regular
16160,64,2,1025.44,1,3,3,313,Regular
16161,1,43,12580.06,4,5,5,545,Champions
16162,251,1,37.4,1,1,2,211,Lost
16163,231,6,2407.98,3,4,2,234,At Risk
16164,16,3,822.48,2,3,5,523,New
16165,504,1,79.9,1,1,1,111,Lost
16166,427,2,435.83,1,2,1,112,Lost
16167,413,5,1386.1200000000001,3,4,1,134,At Risk
16168,10,66,10360.67,4,5,5,545,Champions
16169,7,4,1822.97,2,4,5,524,New
16170,50,20,6869.0,4,5,4,445,Champions
16171,58,1,73.2,1,1,4,411,New
16172,94,8,1884.55,3,4,3,334,Regular
16173,15,6,1418.32,3,4,5,534,Champions
16174,125,7,2246.75,3,4,3,334,Regular
16175,93,7,1836.44,3,4,3,334,Regular
16176,420,4,2052.69,2,4,1,124,Regular
16177,49,8,2247.31,3,4,4,434,Champions
16178,137,2,612.6,1,3,3,313,Regular
16179,60,1,215.83,1,1,3,311,Regular
16180,99,13,16249.87,4,5,3,345,Regular
16181,72,1,305.54,1,2,3,312,Regular
16182,71,9,9971.65,4,5,3,345,Regular
16183,66,4,1077.81,2,3,3,323,Regular
16184,63,6,1158.79,3,3,3,333,Regular
16185,16,3,644.72,2,3,5,523,New
16186,22,26,8718.43,4,5,4,445,Champions
16187,31,15,6911.4400000000005,4,5,4,445,Champions
16188,44,5,1087.66,3,3,4,433,Regular
16189,15,2,215.48,1,1,5,511,New
16190,39,8,2723.55,3,4,4,434,Champions
16191,2,24,15677.82,4,5,5,545,Champions
16192,735,1,351.3,1,2,1,112,Lost
16193,236,2,630.43,1,3,2,213,Regular
16194,374,1,308.59999999999997,1,2,2,212,Lost
16195,722,1,323.25,1,2,1,112,Lost
16196,488,1,93.3,1,1,1,111,Lost
16197,468,9,2016.71,4,4,1,144,At Risk
16198,74,2,1030.04,1,3,3,313,Regular
16199,391,7,942.75,3,3,2,233,At Risk
16200,3,12,5608.1,4,5,5,545,Champions
16201,2,5,2112.12,3,4,5,534,Champions
16202,360,9,2501.9900000000002,4,4,2,244,At Risk
16203,58,6,943.84,3,3,4,433,Regular
16204,22,3,918.71,2,3,4,423,New
16205,30,7,1813.51,3,4,4,434,Champions
16206,54,13,2577.12,4,4,4,444,Champions
16207,24,1,394.38,1,2,4,412,New
16208,44,10,3440.45,4,5,4,445,Champions
16209,88,9,4146.78,4,5,3,345,Regular
16210,1,33,33730.97,4,5,5,545,Champions
16211,88,3,1090.59,2,3,3,323,Regular
16212,18,4,1293.71,2,4,5,524,New
16213,78,1,159.0,1,1,3,311,Regular
16214,170,4,2038.25,2,4,3,324,Regular
16215,80,1,242.35,1,1,3,311,Regular
16216,266,1,914.9300000000001,1,3,2,213,Regular
16217,234,2,304.25,1,2,2,212,Lost
16218,29,13,3968.67,4,5,4,445,Champions
16219,500,1,40.8,1,1,1,111,Lost
16221,36,9,2018.47,4,4,4,444,Champions
16222,317,2,1272.05,1,4,2,214,Regular
16223,374,2,1087.05,1,3,2,213,Regular
16224,56,5,1616.54,3,4,4,434,Champions
16225,44,15,2859.31,4,4,4,444,Champions
16226,202,5,672.1700000000001,3,3,2,233,At Risk
16227,224,3,1027.22,2,3,2,223,Regular
16228,384,3,885.71,2,3,2,223,Regular
16229,86,6,2867.86,3,4,3,334,Regular
16230,189,2,542.03,1,2,2,212,Lost
16231,378,4,1074.47,2,3,2,223,Regular
16232,43,7,2712.97,3,4,4,434,Champions
16233,70,9,1818.31,4,4,3,344,Regular
16234,475,3,333.18,2,2,1,122,Lost
16235,40,8,2043.71,3,4,4,434,Champions
16236,77,1,432.2,1,2,3,312,Regular
16237,436,1,136.65,1,1,1,111,Lost
16238,422,1,63.66,1,1,1,111,Lost
16239,56,6,1492.2,3,4,4,434,Champions
16240,23,2,3718.8,1,5,4,415,New
16241,9,16,3989.81,4,5,5,545,Champions
16242,7,14,7404.65,4,5,5,545,Champions
16243,33,2,409.1,1,2,4,412,New
16244,211,2,1522.75,1,4,2,214,Regular
16245,23,3,1413.66,2,4,4,424,New
16246,459,2,821.35,1,3,1,113,Regular
16247,169,1,114.56,1,1,3,311,Regular
16248,61,1,152.94,1,1,3,311,Regular
16249,52,5,1800.07,3,4,4,434,Champions
16250,260,3,565.24,2,2,2,222,Lost
16251,511,1,128.31,1,1,1,111,Lost
16252,382,1,295.09000000000003,1,2,2,212,Lost
16253,66,7,7222.2,3,5,3,335,Regular
16254,377,3,967.44,2,3,2,223,Regular
16255,16,15,4530.0,4,5,5,545,Champions
16256,266,3,1579.37,2,4,2,224,Regular
16257,176,1,21.95,1,1,3,311,Regular
16258,44,15,11942.52,4,5,4,445,Champions
16259,409,3,340.94,2,2,1,122,Lost
16260,50,1,1035.45,1,3,4,413,New
16261,16,6,1041.16,3,3,5,533,Regular
16262,377,1,755.15,1,3,2,213,Regular
16263,422,1,348.16,1,2,1,112,Lost
16264,437,2,823.53,1,3,1,113,Regular
16265,8,12,6685.17,4,5,5,545,Champions
16266,73,14,1757.95,4,4,3,344,Regular
16267,590,1,186.66,1,1,1,111,Lost
16268,70,2,617.65,1,3,3,313,Regular
16269,437,1,717.57,1,3,1,113,Regular
16270,352,1,1141.24,1,3,2,213,Regular
16271,15,8,3367.82,3,5,5,535,Champions
16272,116,1,411.7,1,2,3,312,Regular
16273,647,2,318.34000000000003,1,2,1,112,Lost
16274,372,1,331.55,1,2,2,212,Lost
16275,196,3,2151.11,2,4,2,224,Regular
16276,176,3,2629.3900000000003,2,4,3,324,Regular
16277,733,1,188.69,1,1,1,111,Lost
16278,99,3,1117.84,2,3,3,323,Regular
16279,20,9,5698.28,4,5,4,445,Champions
16280,724,1,238.05,1,1,1,111,Lost
16281,71,3,3424.02,2,5,3,325,Regular
16282,339,3,1307.58,2,4,2,224,Regular
16283,5,8,4348.62,3,5,5,535,Champions
16284,30,3,1018.48,2,3,4,423,New
16285,645,1,176.9,1,1,1,111,Lost
16286,476,2,328.95,1,2,1,112,Lost
16287,169,5,1006.98,3,3,3,333,Regular
16288,469,1,129.85,1,1,1,111,Lost
16289,461,1,136.31,1,1,1,111,Lost
16290,464,4,1957.7,2,4,1,124,Regular
16292,121,5,1253.76,3,4,3,334,Regular
16293,21,15,4279.2,4,5,4,445,Champions
16294,476,1,126.05000000000001,1,1,1,111,Lost
16295,9,4,1328.55,2,4,5,524,New
16296,625,4,1313.67,2,4,1,124,Regular
16297,268,1,301.9,1,2,2,212,Lost
16298,22,7,1085.7,3,3,4,433,Regular
16299,476,1,193.65,1,1,1,111,Lost
16300,429,3,1367.32,2,4,1,124,Regular
16301,736,1,107.33,1,1,1,111,Lost
16302,126,1,233.22,1,1,3,311,Regular
16303,25,7,7928.27,3,5,4,435,Champions
16304,694,1,381.66,1,2,1,112,Lost
16305,138,1,361.21999999999997,1,2,3,312,Regular
16306,213,7,1124.72,3,3,2,233,At Risk
16307,428,3,1194.92,2,3,1,123,Regular
16308,37,7,5120.0,3,5,4,435,Champions
16309,105,2,706.57,1,3,3,313,Regular
16310,413,2,460.08,1,2,1,112,Lost
16311,17,2,616.26,1,3,5,513,New
16312,431,1,171.15,1,1,1,111,Lost
16313,2,2,274.15000000000003,1,1,5,511,New
16314,389,3,1491.4,2,4,2,224,Regular
16315,330,2,402.71,1,2,2,212,Lost
16316,63,13,5744.91,4,5,3,345,Regular
16317,119,5,2192.51,3,4,3,334,Regular
16318,34,1,328.15,1,2,4,412,New
16319,217,1,404.40000000000003,1,2,2,212,Lost
16320,171,6,5628.99,3,5,3,335,Regular
16321,71,7,604.5500000000001,3,3,3,333,Regular
16322,0,2,326.75,1,2,5,512,New
16323,195,2,353.66,1,2,2,212,Lost
16324,127,3,408.59000000000003,2,2,3,322,Regular
16325,46,12,3597.5,4,5,4,445,Champions
16326,5,24,4626.25,4,5,5,545,Champions
16327,13,16,10129.04,4,5,5,545,Champions
16328,562,1,310.83,1,2,1,112,Lost
16329,427,4,1664.92,2,4,1,124,Regular
16330,17,7,625.38,3,3,5,533,Regular
16331,431,6,2037.7,3,4,1,134,At Risk
16332,27,11,1997.49,4,4,4,444,Champions
16333,7,22,26626.8,4,5,5,545,Champions
16334,491,1,263.73,1,1,1,111,Lost
16335,551,7,2753.52,3,4,1,134,At Risk
16336,420,4,3517.69,2,5,1,125,Regular
16337,36,1,151.05,1,1,4,411,New
16338,156,1,214.79999999999998,1,1,3,311,Regular
16339,283,1,94.05,1,1,2,211,Lost
16340,106,3,1496.24,2,4,3,324,Regular
16341,24,7,3850.79,3,5,4,435,Champions
16342,74,4,322.41,2,2,3,322,Regular
16343,15,3,614.12,2,3,5,523,New
16344,157,4,842.42,2,3,3,323,Regular
16345,43,2,1178.79,1,3,4,413,New
16346,384,1,224.51,1,1,2,211,Lost
16347,10,11,3442.96,4,5,5,545,Champions
16348,31,8,1742.08,3,4,4,434,Champions
16349,290,1,53.5,1,1,2,211,Lost
16350,20,9,2253.89,4,4,4,444,Champions
16351,332,13,3330.0299999999997,4,5,2,245,At Risk
16352,17,2,494.44,1,2,5,512,New
16353,3,38,9795.460000000001,4,5,5,545,Champions
16354,62,5,1119.46,3,3,3,333,Regular
16355,374,1,416.35,1,2,2,212,Lost
16356,197,6,415.87,3,2,2,232,Regular
16357,32,4,868.37,2,3,4,423,New
16358,0,5,2919.65,3,5,5,535,Champions
16359,6,16,2697.75,4,4,5,544,Champions
16360,4,6,3450.41,3,5,5,535,Champions
16361,9,4,891.21,2,3,5,523,New
16362,31,6,922.16,3,3,4,433,Regular
16363,52,1,109.36000000000001,1,1,4,411,New
16364,11,2,705.79,1,3,5,513,New
16365,17,15,3167.34,4,5,5,545,Champions
16366,18,4,1548.1299999999999,2,4,5,524,New
16367,36,3,1350.48,2,4,4,424,New
16368,1,3,621.44,2,3,5,523,New
16369,17,7,2654.48,3,4,5,534,Champions
16370,81,4,1301.91,2,4,3,324,Regular
16371,448,1,157.2,1,1,1,111,Lost
16372,32,5,1290.31,3,4,4,434,Champions
16373,381,2,309.49,1,2,2,212,Lost
16374,65,5,1709.55,3,4,3,334,Regular
16375,469,2,104.0,1,1,1,111,Lost
16376,8,2,974.96,1,3,5,513,New
16377,266,2,1308.48,1,4,2,214,Regular
16378,246,3,362.95,2,2,2,222,Lost
16379,3,4,2157.4,2,4,5,524,New
16380,60,1,1743.1499999999999,1,4,3,314,Regular
16381,395,2,247.85,1,1,2,211,Lost
16382,407,2,353.1,1,2,2,212,Lost
16383,74,7,2887.99,3,5,3,335,Regular
16384,89,4,1358.95,2,4,3,324,Regular
16385,59,5,881.35,3,3,3,333,Regular
16386,28,3,1068.16,2,3,4,423,New
16387,322,5,882.46,3,3,2,233,At Risk
16388,653,1,186.05,1,1,1,111,Lost
16389,52,4,1382.07,2,4,4,424,New
16390,536,3,467.5,2,2,1,122,Lost
16391,400,4,1048.86,2,3,2,223,Regular
16392,269,3,755.45,2,3,2,223,Regular
16393,1,23,5297.77,4,5,5,545,Champions
16394,56,5,1555.34,3,4,4,434,Champions
16395,60,14,3517.56,4,5,3,345,Regular
16396,475,1,137.8,1,1,1,111,Lost
16397,627,1,123.13,1,1,1,111,Lost
16398,153,2,1705.8,1,4,3,314,Regular
16399,18,3,628.42,2,3,5,523,New
16400,94,9,3059.85,4,5,3,345,Regular
16401,0,23,6847.45,4,5,5,545,Champions
16402,264,2,293.45,1,2,2,212,Lost
16403,311,1,177.5,1,1,2,211,Lost
16404,69,1,443.05,1,2,3,312,Regular
16405,301,2,167.25,1,1,2,211,Lost
16406,18,3,528.36,2,2,5,522,New
16407,12,14,2761.65,4,4,5,544,Champions
16408,590,1,231.93,1,1,1,111,Lost
16409,35,12,5652.74,4,5,4,445,Champions
16410,733,1,130.32,1,1,1,111,Lost
16411,18,4,756.39,2,3,5,523,New
16412,53,5,593.19,3,2,4,432,Regular
16413,56,2,522.03,1,2,4,412,New
16414,21,5,551.21,3,2,4,432,Regular
16415,43,3,696.76,2,3,4,423,New
16416,26,9,2957.88,4,5,4,445,Champions
16417,492,1,35.7,1,1,1,111,Lost
16418,44,5,1028.74,3,3,4,433,Regular
16419,112,8,1463.7,3,4,3,334,Regular
16420,395,1,75.0,1,1,2,211,Lost
16421,375,3,526.27,2,2,2,222,Lost
16422,16,107,61656.42,4,5,5,545,Champions
16423,24,1,346.12,1,2,4,412,New
16424,190,2,443.06,1,2,2,212,Lost
16425,301,1,302.7,1,2,2,212,Lost
16426,1,10,1863.76,4,4,5,544,Champions
16427,262,2,241.06,1,1,2,211,Lost
16428,413,3,638.49,2,3,1,123,Regular
16429,105,1,284.55,1,2,3,312,Regular
16430,56,6,1102.94,3,3,4,433,Regular
16431,212,3,623.28,2,3,2,223,Regular
16432,63,1,287.4,1,2,3,312,Regular
16433,27,2,384.52,1,2,4,412,New
16434,28,12,2673.69,4,4,4,444,Champions
16435,511,3,1003.0699999999999,2,3,1,123,Regular
16436,667,3,319.14,2,2,1,122,Lost
16437,380,2,301.25,1,2,2,212,Lost
16438,5,5,798.35,3,3,5,533,Regular
16439,721,1,310.70000000000005,1,2,1,112,Lost
16440,7,6,3856.9700000000003,3,5,5,535,Champions
16441,66,5,1013.18,3,3,3,333,Regular
16442,1,5,891.98,3,3,5,533,Regular
16443,520,1,162.24,1,1,1,111,Lost
16444,45,17,3625.88,4,5,4,445,Champions
16445,33,4,583.16,2,2,4,422,New
16446,205,1,2.9,1,1,2,211,Lost
16447,135,3,727.1,2,3,3,323,Regular
16448,197,2,361.12,1,2,2,212,Lost
16449,197,2,707.69,1,3,2,213,Regular
16450,149,3,1505.73,2,4,3,324,Regular
16451,87,3,1013.15,2,3,3,323,Regular
16452,630,2,332.17,1,2,1,112,Lost
16453,530,2,251.71,1,1,1,111,Lost
16454,63,2,7.45,1,1,3,311,Regular
16455,63,11,3995.57,4,5,3,345,Regular
16456,98,13,6000.94,4,5,3,345,Regular
16457,217,1,208.36,1,1,2,211,Lost
16458,2,30,5690.89,4,5,5,545,Champions
16459,729,1,71.78999999999999,1,1,1,111,Lost
16460,27,3,811.23,2,3,4,423,New
16461,177,3,1539.83,2,4,3,324,Regular
16462,73,3,136.0,2,1,3,321,Regular
16463,20,4,1422.4,2,4,4,424,New
16464,19,3,1298.66,2,4,4,424,New
16465,420,2,746.24,1,3,1,113,Regular
16466,33,15,3767.09,4,5,4,445,Champions
16467,508,7,2869.16,3,4,1,134,At Risk
16468,73,3,787.52,2,3,3,323,Regular
16469,23,5,803.9,3,3,4,433,Regular
16470,51,11,2416.85,4,4,4,444,Champions
16471,274,4,1189.98,2,3,2,223,Regular
16472,433,2,789.6,1,3,1,113,Regular
16473,164,4,470.83,2,2,3,322,Regular
16474,6,7,1810.49,3,4,5,534,Champions
16475,87,4,544.3,2,2,3,322,Regular
16476,431,1,350.35,1,2,1,112,Lost
16477,63,11,4094.37,4,5,3,345,Regular
16478,24,3,331.0,2,2,4,422,New
16479,9,2,300.83,1,2,5,512,New
16480,75,1,769.29,1,3,3,313,Regular
16481,681,1,453.38,1,2,1,112,Lost
16482,15,1,220.62,1,1,5,511,New
16483,191,1,139.35,1,1,2,211,Lost
16484,173,2,404.3,1,2,3,312,Regular
16485,76,5,2287.19,3,4,3,334,Regular
16486,537,1,134.36,1,1,1,111,Lost
16487,576,2,209.4,1,1,1,111,Lost
16488,32,3,498.8,2,2,4,422,New
16489,379,2,303.7,1,2,2,212,Lost
16490,435,1,205.41000000000003,1,1,1,111,Lost
16491,46,2,1533.16,1,4,4,414,New
16492,540,1,385.56,1,2,1,112,Lost
16493,79,7,2132.09,3,4,3,334,Regular
16494,296,1,826.53,1,3,2,213,Regular
16495,2,3,648.26,2,3,5,523,New
16496,8,6,2330.77,3,4,5,534,Champions
16497,49,23,6695.28,4,5,4,445,Champions
16498,160,2,100.97,1,1,3,311,Regular
16499,359,8,2578.34,3,4,2,234,At Risk
16500,4,9,843.9100000000001,4,3,5,543,Regular
16501,382,1,1191.23,1,3,2,213,Regular
16502,619,2,258.55,1,1,1,111,Lost
16503,106,11,3614.34,4,5,3,345,Regular
16504,24,1,465.88,1,2,4,412,New
16505,31,1,777.6,1,3,4,413,New
16506,19,2,90.30000000000001,1,1,4,411,New
16507,571,1,142.71,1,1,1,111,Lost
16508,629,1,240.95,1,1,1,111,Lost
16509,296,1,363.7,1,2,2,212,Lost
16510,371,6,1757.25,3,4,2,234,At Risk
16511,21,6,1758.49,3,4,4,434,Champions
16513,4,4,874.59,2,3,5,523,New
16515,51,10,3179.06,4,5,4,445,Champions
16516,29,1,101.69999999999999,1,1,4,411,New
16517,276,1,162.7,1,1,2,211,Lost
16518,60,4,959.37,2,3,3,323,Regular
16519,24,4,436.96,2,2,4,422,New
16520,185,6,2148.38,3,4,3,334,Regular
16521,414,3,1136.36,2,3,1,123,Regular
16522,435,2,433.36,1,2,1,112,Lost
16523,1,28,11916.33,4,5,5,545,Champions
16524,445,2,306.19,1,2,1,112,Lost
16525,1,48,24151.3,4,5,5,545,Champions
16526,171,2,717.21,1,3,3,313,Regular
16527,80,2,1232.94,1,4,3,314,Regular
16528,3,1,244.41,1,1,5,511,New
16529,189,4,1986.8,2,4,2,224,Regular
16530,667,1,48.349999999999994,1,1,1,111,Lost
16531,21,11,2298.33,4,4,4,444,Champions
16532,17,5,8756.64,3,5,5,535,Champions
16533,18,3,1082.81,2,3,5,523,New
16534,641,1,635.9,1,3,1,113,Regular
16535,4,2,952.04,1,3,5,513,New
16536,109,1,548.12,1,2,3,312,Regular
16537,640,1,10.55,1,1,1,111,Lost
16538,540,3,395.07,2,2,1,122,Lost
16539,2,10,3289.66,4,5,5,545,Champions
16540,413,1,205.75,1,1,1,111,Lost
16541,734,1,424.03,1,2,1,112,Lost
16542,53,2,257.32,1,1,4,411,New
16543,591,1,292.21,1,2,1,112,Lost
16544,519,4,376.70000000000005,2,2,1,122,Lost
16545,164,2,689.82,1,3,3,313,Regular
16546,290,5,5307.07,3,5,2,235,At Risk
16547,545,1,104.25999999999999,1,1,1,111,Lost
16548,598,1,30.15,1,1,1,111,Lost
16549,9,34,12781.8,4,5,5,545,Champions
16550,108,18,8807.68,4,5,3,345,Regular
16551,95,7,2237.12,3,4,3,334,Regular
16552,242,2,379.73,1,2,2,212,Lost
16553,162,33,16584.01,4,5,3,345,Regular
16554,41,8,2841.72,3,4,4,434,Champions
16555,34,6,1915.68,3,4,4,434,Champions
16556,66,17,8012.58,4,5,3,345,Regular
16557,23,2,281.85,1,1,4,411,New
16558,0,38,13304.11,4,5,5,545,Champions
16559,396,1,175.0,1,1,2,211,Lost
16560,26,8,3048.38,3,5,4,435,Champions
16561,5,2,511.12,1,2,5,512,New
16562,476,1,223.85999999999999,1,1,1,111,Lost
16563,53,6,4412.56,3,5,4,435,Champions
16564,568,1,87.8,1,1,1,111,Lost
16565,363,4,773.05,2,3,2,223,Regular
16566,14,5,614.66,3,3,5,533,Regular
16567,193,2,865.6,1,3,2,213,Regular
16568,427,2,1020.9000000000001,1,3,1,113,Regular
16569,2,5,1455.23,3,4,5,534,Champions
16570,14,20,7434.31,4,5,5,545,Champions
16571,26,10,4248.74,4,5,4,445,Champions
16572,126,3,1009.6,2,3,3,323,Regular
16573,84,2,663.61,1,3,3,313,Regular
16574,70,3,1301.78,2,4,3,324,Regular
16576,419,2,540.87,1,2,1,112,Lost
16577,666,1,380.0,1,2,1,112,Lost
16578,625,1,156.6,1,1,1,111,Lost
16579,425,1,295.05,1,2,1,112,Lost
16581,182,1,105.84,1,1,3,311,Regular
16582,112,1,313.62,1,2,3,312,Regular
16583,373,2,297.95,1,2,2,212,Lost
16584,79,5,3156.17,3,5,3,335,Regular
16585,593,2,341.59,1,2,1,112,Lost
16586,248,3,1462.78,2,4,2,224,Regular
16587,231,1,225.15,1,1,2,211,Lost
16588,385,4,1361.28,2,4,2,224,Regular
16589,70,4,612.36,2,3,3,323,Regular
16590,400,2,605.9,1,3,2,213,Regular
16591,68,1,213.5,1,1,3,311,Regular
16592,3,28,7807.91,4,5,5,545,Champions
16593,50,8,1071.1399999999999,3,3,4,433,Regular
16594,74,1,181.09,1,1,3,311,Regular
16595,60,5,1757.75,3,4,3,334,Regular
16596,15,4,458.98,2,2,5,522,New
16597,3,1,90.04,1,1,5,511,New
16598,285,1,145.04999999999998,1,1,2,211,Lost
16599,385,1,172.8,1,1,2,211,Lost
16600,3,13,2153.41,4,4,5,544,Champions
16601,40,3,675.83,2,3,4,423,New
16602,35,2,763.33,1,3,4,413,New
16603,74,2,482.47,1,2,3,312,Regular
16604,562,2,432.45,1,2,1,112,Lost
16605,723,1,60.48,1,1,1,111,Lost
16606,403,2,357.66,1,2,2,212,Lost
16607,17,25,5706.87,4,5,5,545,Champions
16608,453,2,1286.6200000000001,1,4,1,114,Regular
16609,14,7,5493.46,3,5,5,535,Champions
16610,218,1,75.66,1,1,2,211,Lost
16611,185,6,1785.13,3,4,3,334,Regular
16612,32,9,3245.43,4,5,4,445,Champions
16613,69,1,618.59,1,3,3,313,Regular
16614,182,3,1179.79,2,3,3,323,Regular
16615,625,1,291.5,1,2,1,112,Lost
16616,14,2,500.42,1,2,5,512,New
16617,235,1,151.85,1,1,2,211,Lost
16618,30,5,2647.59,3,4,4,434,Champions
16619,263,4,1938.33,2,4,2,224,Regular
16620,3,6,1758.93,3,4,5,534,Champions
16621,51,4,813.48,2,3,4,423,New
16622,543,1,225.4,1,1,1,111,Lost
16623,245,4,1015.24,2,3,2,223,Regular
16624,80,2,810.5699999999999,1,3,3,313,Regular
16625,274,5,1654.03,3,4,2,234,At Risk
16626,0,17,4413.1,4,5,5,545,Champions
16627,78,1,322.8,1,2,3,312,Regular
16628,29,7,2318.1,3,4,4,434,Champions
16629,73,2,408.63,1,2,3,312,Regular
16630,406,1,106.80000000000001,1,1,2,211,Lost
16631,481,7,1892.52,3,4,1,134,At Risk
16632,485,2,406.4,1,2,1,112,Lost
16633,16,6,2883.1,3,5,5,535,Champions
16634,222,6,1649.81,3,4,2,234,At Risk
16635,406,1,473.0,1,2,2,212,Lost
16636,437,4,3802.04,2,5,1,125,Regular
16637,31,4,1154.47,2,3,4,423,New
16638,22,15,2380.13,4,4,4,444,Champions
16639,30,4,1747.98,2,4,4,424,New
16640,397,1,179.4,1,1,2,211,Lost
16641,105,2,554.5,1,2,3,312,Regular
16642,4,3,1077.45,2,3,5,523,New
16643,245,2,923.11,1,3,2,213,Regular
16644,177,2,833.78,1,3,3,313,Regular
16645,735,1,160.39,1,1,1,111,Lost
16646,448,1,678.8,1,3,1,113,Regular
16647,169,4,541.9,2,2,3,322,Regular
16648,42,3,672.8,2,3,4,423,New
16649,519,1,306.58000000000004,1,2,1,112,Lost
16650,71,7,1916.11,3,4,3,334,Regular
16651,586,1,136.2,1,1,1,111,Lost
16652,58,16,17550.39,4,5,4,445,Champions
16653,15,2,1212.66,1,4,5,514,New
16654,140,8,1484.07,3,4,3,334,Regular
16655,17,13,6423.26,4,5,5,545,Champions
16656,21,30,16833.170000000002,4,5,4,445,Champions
16657,9,4,874.43,2,3,5,523,New
16658,367,5,680.83,3,3,2,233,At Risk
16659,188,1,39.12,1,1,2,211,Lost
16660,15,7,1879.55,3,4,5,534,Champions
16661,539,4,932.76,2,3,1,123,Regular
16662,393,1,151.05,1,1,2,211,Lost
16663,728,1,165.0,1,1,1,111,Lost
16664,568,1,109.2,1,1,1,111,Lost
16665,361,1,135.39999999999998,1,1,2,211,Lost
16666,18,2,217.71,1,1,5,511,New
16667,67,2,567.1800000000001,1,2,3,312,Regular
16668,14,13,862.42,4,3,5,543,Regular
16669,23,2,1344.48,1,4,4,414,New
16670,16,20,8030.150000000001,4,5,5,545,Champions
16671,27,3,1692.27,2,4,4,424,New
16672,1,20,8134.9400000000005,4,5,5,545,Champions
16673,678,1,171.13,1,1,1,111,Lost
16674,54,2,304.24,1,2,4,412,New
16675,441,2,608.86,1,3,1,113,Regular
16676,33,6,2361.9,3,4,4,434,Champions
16677,410,2,880.62,1,3,1,113,Regular
16678,2,12,3109.99,4,5,5,545,Champions
16679,365,3,663.31,2,3,2,223,Regular
16680,42,3,821.45,2,3,4,423,New
16681,72,7,1921.84,3,4,3,334,Regular
16682,4,5,1028.0,3,3,5,533,Regular
16683,533,1,320.25,1,2,1,112,Lost
16684,3,55,147142.77,4,5,5,545,Champions
16685,60,2,324.24,1,2,3,312,Regular
16686,46,16,4881.07,4,5,4,445,Champions
16687,390,1,157.63,1,1,2,211,Lost
16688,0,4,1260.86,2,4,5,524,New
16689,75,2,422.59999999999997,1,2,3,312,Regular
16690,71,4,353.03,2,2,3,322,Regular
16691,417,2,178.83,1,1,1,111,Lost
16692,255,4,1764.6999999999998,2,4,2,224,Regular
16693,68,5,1179.48,3,3,3,333,Regular
16694,722,1,98.30000000000001,1,1,1,111,Lost
16695,561,2,191.9,1,1,1,111,Lost
16696,134,4,657.9000000000001,2,3,3,323,Regular
16697,240,1,112.75,1,1,2,211,Lost
16698,226,2,1998.0,1,4,2,214,Regular
16699,379,7,994.6,3,3,2,233,At Risk
16700,8,25,8830.77,4,5,5,545,Champions
16701,8,26,9916.73,4,5,5,545,Champions
16702,414,4,1109.53,2,3,1,123,Regular
16704,617,2,664.16,1,3,1,113,Regular
16705,0,42,43515.05,4,5,5,545,Champions
16706,36,3,531.35,2,2,4,422,New
16707,399,4,533.41,2,2,2,222,Lost
16708,45,1,656.63,1,3,4,413,New
16709,84,14,9056.01,4,5,3,345,Regular
16710,18,22,5921.35,4,5,5,545,Champions
16711,2,9,2868.48,4,4,5,544,Champions
16712,8,13,4225.22,4,5,5,545,Champions
16713,18,32,14115.56,4,5,5,545,Champions
16714,316,3,1482.33,2,4,2,224,Regular
16715,77,2,625.52,1,3,3,313,Regular
16716,266,3,2149.6800000000003,2,4,2,224,Regular
16717,23,14,6663.68,4,5,4,445,Champions
16718,368,5,3006.08,3,5,2,235,At Risk
16719,14,14,3508.62,4,5,5,545,Champions
16720,25,3,566.74,2,2,4,422,New
16721,261,1,292.47,1,2,2,212,Lost
16722,16,22,8189.56,4,5,5,545,Champions
16723,90,4,1231.36,2,4,3,324,Regular
16724,404,1,147.35,1,1,2,211,Lost
16725,301,13,1686.81,4,4,2,244,At Risk
16726,25,7,2063.88,3,4,4,434,Champions
16727,363,4,1377.77,2,4,2,224,Regular
16728,45,4,1048.28,2,3,4,423,New
16729,37,21,7202.01,4,5,4,445,Champions
16730,51,3,743.11,2,3,4,423,New
16731,647,1,170.3,1,1,1,111,Lost
16732,31,4,4387.64,2,5,4,425,New
16733,529,1,259.68,1,1,1,111,Lost
16734,51,3,646.76,2,3,4,423,New
16735,78,14,6217.41,4,5,3,345,Regular
16736,505,5,2956.56,3,5,1,135,At Risk
16737,52,2,835.1999999999999,1,3,4,413,New
16738,297,1,3.75,1,1,2,211,Lost
16739,176,2,786.43,1,3,3,313,Regular
16740,394,1,226.91,1,1,2,211,Lost
16741,624,1,173.06,1,1,1,111,Lost
16742,492,13,2334.97,4,4,1,144,At Risk
16743,28,14,4212.15,4,5,4,445,Champions
16744,10,7,1291.91,3,4,5,534,Champions
16745,86,17,7180.7,4,5,3,345,Regular
16746,4,42,18045.05,4,5,5,545,Champions
16747,37,2,836.06,1,3,4,413,New
16748,17,14,3637.33,4,5,5,545,Champions
16749,590,2,4157.88,1,5,1,115,Regular
16750,44,5,623.93,3,3,4,433,Regular
16751,30,1,1764.72,1,4,4,414,New
16752,372,1,207.5,1,1,2,211,Lost
16753,57,1,223.92000000000002,1,1,4,411,New
16754,371,29,65500.07,4,5,2,245,At Risk
16755,113,7,2864.68,3,4,3,334,Regular
16756,214,7,1312.3700000000001,3,4,2,234,At Risk
16757,318,2,270.48,1,1,2,211,Lost
16758,64,1,369.34000000000003,1,2,3,312,Regular
16759,7,3,789.79,2,3,5,523,New
16760,429,1,228.0,1,1,1,111,Lost
16761,96,1,316.62,1,2,3,312,Regular
16762,19,3,1207.24,2,4,4,424,New
16763,198,2,964.6999999999999,1,3,2,213,Regular
16764,3,13,2790.9500000000003,4,4,5,544,Champions
16765,293,2,454.75,1,2,2,212,Lost
16766,272,2,1145.6,1,3,2,213,Regular
16767,30,15,8052.41,4,5,4,445,Champions
16768,47,9,1698.57,4,4,4,444,Champions
16769,259,4,1117.05,2,3,2,223,Regular
16770,57,9,1778.93,4,4,4,444,Champions
16771,32,10,3921.1,4,5,4,445,Champions
16772,422,3,3698.0499999999997,2,5,1,125,Regular
16773,56,3,421.24,2,2,4,422,New
16774,67,8,1567.48,3,4,3,334,Regular
16775,9,16,2820.84,4,4,5,544,Champions
16776,59,2,592.51,1,2,3,312,Regular
16777,79,5,1292.18,3,4,3,334,Regular
16778,73,2,245.94,1,1,3,311,Regular
16779,1,53,32809.03,4,5,5,545,Champions
16780,99,3,596.4,2,2,3,322,Regular
16781,371,2,623.0,1,3,2,213,Regular
16782,9,38,9636.12,4,5,5,545,Champions
16783,436,1,391.95,1,2,1,112,Lost
16784,19,5,892.33,3,3,4,433,Regular
16785,409,1,533.78,1,2,1,112,Lost
16786,393,1,51.839999999999996,1,1,2,211,Lost
16787,397,4,1017.53,2,3,2,223,Regular
16788,122,5,1927.28,3,4,3,334,Regular
16789,7,1,80.8,1,1,5,511,New
16790,3,6,1545.6200000000001,3,4,5,534,Champions
16791,28,15,3944.88,4,5,4,445,Champions
16792,281,5,623.46,3,3,2,233,At Risk
16793,56,1,243.84,1,1,4,411,New
16794,0,15,2050.68,4,4,5,544,Champions
16795,364,3,2062.41,2,4,2,224,Regular
16796,88,1,305.62,1,2,3,312,Regular
16797,392,5,1802.02,3,4,2,234,At Risk
16798,553,3,841.16,2,3,1,123,Regular
16799,431,2,452.78000000000003,1,2,1,112,Lost
16800,10,1,1162.65,1,3,5,513,New
16801,162,4,1594.23,2,4,3,324,Regular
16802,678,2,582.61,1,2,1,112,Lost
16803,64,1,332.3,1,2,3,312,Regular
16804,22,3,536.99,2,2,4,422,New
16805,173,4,1076.34,2,3,3,323,Regular
16806,102,4,736.21,2,3,3,323,Regular
16807,142,6,2123.88,3,4,3,334,Regular
16808,98,2,288.42,1,2,3,312,Regular
16809,22,9,1727.43,4,4,4,444,Champions
16810,191,2,842.0400000000001,1,3,2,213,Regular
16811,4,2,547.07,1,2,5,512,New
16812,360,4,2392.0,2,4,2,224,Regular
16813,7,10,1652.18,4,4,5,544,Champions
16814,13,36,11914.95,4,5,5,545,Champions
16815,453,2,406.02,1,2,1,112,Lost
16816,102,4,417.06,2,2,3,322,Regular
16817,2,13,2560.7,4,4,5,544,Champions
16818,10,11,3349.57,4,5,5,545,Champions
16819,464,2,182.59,1,1,1,111,Lost
16820,95,1,497.61,1,2,3,312,Regular
16821,381,1,113.35,1,1,2,211,Lost
16822,685,1,181.39,1,1,1,111,Lost
16823,226,7,2243.09,3,4,2,234,At Risk
16824,15,3,686.24,2,3,5,523,New
16825,38,5,1826.89,3,4,4,434,Champions
16826,50,1,341.7,1,2,4,412,New
16827,392,5,387.18,3,2,2,232,Regular
16828,111,1,113.5,1,1,3,311,Regular
16829,156,2,513.32,1,2,3,312,Regular
16830,38,4,1207.5,2,4,4,424,New
16831,564,1,91.8,1,1,1,111,Lost
16832,183,5,417.61,3,2,3,332,Regular
16833,0,6,2409.04,3,4,5,534,Champions
16834,227,2,898.96,1,3,2,213,Regular
16835,127,6,1456.66,3,4,3,334,Regular
16836,39,4,782.37,2,3,4,423,New
16837,30,11,3170.98,4,5,4,445,Champions
16838,196,4,1159.61,2,3,2,223,Regular
16839,8,44,21758.25,4,5,5,545,Champions
16840,602,2,139.85,1,1,1,111,Lost
16841,36,12,4006.06,4,5,4,445,Champions
16842,100,3,1264.19,2,4,3,324,Regular
16843,42,35,19571.43,4,5,4,445,Champions
16844,562,2,614.34,1,3,1,113,Regular
16845,617,1,253.88,1,1,1,111,Lost
16846,49,3,842.41,2,3,4,423,New
16847,42,2,614.89,1,3,4,413,New
16848,52,4,1411.62,2,4,4,424,New
16849,186,1,124.57,1,1,3,311,Regular
16850,333,1,332.41,1,2,2,212,Lost
16851,3,3,342.45,2,2,5,522,New
16852,9,2,144.91000000000003,1,1,5,511,New
16854,416,2,1408.96,1,4,1,114,Regular
16855,23,2,328.4,1,2,4,412,New
16856,14,3,358.49,2,2,5,522,New
16857,442,1,352.8,1,2,1,112,Lost
16858,368,10,4292.59,4,5,2,245,At Risk
16859,144,7,1932.41,3,4,3,334,Regular
16860,452,3,1610.62,2,4,1,124,Regular
16861,59,5,946.59,3,3,3,333,Regular
16862,546,4,662.33,2,3,1,123,Regular
16863,30,3,834.27,2,3,4,423,New
16864,433,2,409.25,1,2,1,112,Lost
16865,401,1,130.95,1,1,2,211,Lost
16866,140,3,207.73999999999998,2,1,3,321,Regular
16867,689,1,76.74000000000001,1,1,1,111,Lost
16868,393,3,384.56,2,2,2,222,Lost
16869,22,4,817.12,2,3,4,423,New
16870,468,1,450.15999999999997,1,2,1,112,Lost
16871,21,6,2812.34,3,4,4,434,Champions
16872,76,6,1213.13,3,4,3,334,Regular
16873,4,12,14617.39,4,5,5,545,Champions
16874,378,1,209.89000000000001,1,1,2,211,Lost
16875,66,11,4234.53,4,5,3,345,Regular
16876,403,1,136.01,1,1,2,211,Lost
16877,11,6,846.62,3,3,5,533,Regular
16878,83,1,13.3,1,1,3,311,Regular
16880,30,8,1813.21,3,4,4,434,Champions
16881,66,1,432.0,1,2,3,312,Regular
16882,66,3,705.12,2,3,3,323,Regular
16883,186,19,2246.06,4,4,3,344,Regular
16884,37,4,1070.97,2,3,4,423,New
16885,14,4,683.35,2,3,5,523,New
16886,455,1,134.0,1,1,1,111,Lost
16887,34,3,658.17,2,3,4,423,New
16888,400,3,434.2,2,2,2,222,Lost
16889,194,6,2526.65,3,4,2,234,At Risk
16890,476,3,277.91,2,1,1,121,Lost
16891,1,11,1727.94,4,4,5,544,Champions
16892,0,7,754.75,3,3,5,533,Regular
16893,366,2,249.47,1,1,2,211,Lost
16894,501,3,1306.96,2,4,1,124,Regular
16895,64,5,1102.9,3,3,3,333,Regular
16896,554,1,103.95,1,1,1,111,Lost
16897,298,2,289.78,1,2,2,212,Lost
16898,25,5,885.21,3,3,4,433,Regular
16899,7,8,1695.77,3,4,5,534,Champions
16900,16,3,882.16,2,3,5,523,New
16901,728,1,204.26,1,1,1,111,Lost
16902,115,1,1706.88,1,4,3,314,Regular
16903,28,3,1041.75,2,3,4,423,New
16904,3,20,4656.56,4,5,5,545,Champions
16905,4,17,4704.27,4,5,5,545,Champions
16906,81,7,1410.07,3,4,3,334,Regular
16907,28,9,1470.89,4,4,4,444,Champions
16908,721,1,252.59,1,1,1,111,Lost
16909,71,1,379.14,1,2,3,312,Regular
16910,3,8,1508.96,3,4,5,534,Champions
16911,635,2,255.25,1,1,1,111,Lost
16912,28,15,4460.51,4,5,4,445,Champions
16913,289,3,423.90999999999997,2,2,2,222,Lost
16914,35,1,183.76,1,1,4,411,New
16915,8,11,1543.18,4,4,5,544,Champions
16916,23,4,896.12,2,3,4,423,New
16917,276,2,1851.88,1,4,2,214,Regular
16918,49,16,3206.54,4,5,4,445,Champions
16919,155,24,4909.66,4,5,3,345,Regular
16920,410,1,355.45,1,2,1,112,Lost
16921,60,3,409.21,2,2,3,322,Regular
16922,572,1,611.08,1,3,1,113,Regular
16923,11,32,13157.130000000001,4,5,5,545,Champions
16924,20,3,829.89,2,3,4,423,New
16925,539,1,125.65,1,1,1,111,Lost
16926,370,5,1169.6100000000001,3,3,2,233,At Risk
16927,115,3,543.05,2,2,3,322,Regular
16928,79,26,3798.08,4,5,3,345,Regular
16929,3,7,1295.39,3,4,5,534,Champions
16930,25,3,378.89,2,2,4,422,New
16931,4,23,5032.22,4,5,5,545,Champions
16932,52,3,412.55,2,2,4,422,New
16933,0,9,3099.3,4,5,5,545,Champions
16934,54,6,2083.14,3,4,4,434,Champions
16935,381,3,530.86,2,2,2,222,Lost
16936,25,2,548.29,1,2,4,412,New
16937,498,1,196.25,1,1,1,111,Lost
16938,8,9,6995.360000000001,4,5,5,545,Champions
16939,488,3,433.85,2,2,1,122,Lost
16940,51,8,6427.66,3,5,4,435,Champions
16941,611,1,33.0,1,1,1,111,Lost
16942,12,9,1904.99,4,4,5,544,Champions
16943,211,3,816.73,2,3,2,223,Regular
16944,609,1,101.36,1,1,1,111,Lost
16945,21,33,8548.16,4,5,4,445,Champions
16946,382,5,1222.04,3,4,2,234,At Risk
16947,235,4,946.71,2,3,2,223,Regular
16948,138,7,868.77,3,3,3,333,Regular
16949,3,6,1286.27,3,4,5,534,Champions
16950,56,10,3533.77,4,5,4,445,Champions
16951,134,3,1277.75,2,4,3,324,Regular
16952,108,5,795.83,3,3,3,333,Regular
16953,29,1,20.8,1,1,4,411,New
16954,0,20,6081.88,4,5,5,545,Champions
16955,184,6,1120.31,3,3,3,333,Regular
16956,17,1,308.74,1,2,5,512,New
16957,238,2,416.64,1,2,2,212,Lost
16958,434,1,778.49,1,3,1,113,Regular
16959,86,1,117.35000000000001,1,1,3,311,Regular
16960,38,8,1988.93,3,4,4,434,Champions
16961,115,3,794.56,2,3,3,323,Regular
16962,409,1,251.04,1,1,1,111,Lost
16963,186,1,110.55000000000001,1,1,3,311,Regular
16964,732,2,207.85,1,1,1,111,Lost
16965,226,1,192.07,1,1,2,211,Lost
16966,7,7,2154.97,3,4,5,534,Champions
16967,188,1,319.02,1,2,2,212,Lost
16968,3,2,439.43,1,2,5,512,New
16969,38,3,650.41,2,3,4,423,New
16970,625,1,71.4,1,1,1,111,Lost
16971,37,1,357.21,1,2,4,412,New
16972,382,2,749.0,1,3,2,213,Regular
16973,385,1,127.0,1,1,2,211,Lost
16974,522,2,365.5,1,2,1,112,Lost
16975,422,3,926.12,2,3,1,123,Regular
16976,266,1,251.51999999999998,1,1,2,211,Lost
16977,394,4,496.0,2,2,2,222,Lost
16978,77,3,768.88,2,3,3,323,Regular
16979,3,9,2859.74,4,4,5,544,Champions
16980,254,3,1422.8300000000002,2,4,2,224,Regular
16982,60,1,384.06,1,2,3,312,Regular
16983,12,11,3490.5299999999997,4,5,5,545,Champions
16984,87,9,10350.53,4,5,3,345,Regular
16985,16,23,10923.16,4,5,5,545,Champions
16986,29,11,4888.75,4,5,4,445,Champions
16987,2,11,2499.45,4,4,5,544,Champions
16988,4,2,382.67,1,2,5,512,New
16989,6,6,1133.25,3,3,5,533,Regular
16990,218,2,344.0,1,2,2,212,Lost
16991,420,1,1041.21,1,3,1,113,Regular
16992,10,13,5476.5,4,5,5,545,Champions
16993,463,2,1950.9499999999998,1,4,1,114,Regular
16996,29,9,2123.61,4,4,4,444,Champions
16997,287,3,702.0,2,3,2,223,Regular
16998,149,5,402.0,3,2,3,332,Regular
16999,22,2,484.82,1,2,4,412,New
17000,395,2,406.3,1,2,2,212,Lost
17001,0,19,6640.8,4,5,5,545,Champions
17002,85,7,2571.55,3,4,3,334,Regular
17003,401,4,828.21,2,3,2,223,Regular
17004,45,4,2324.36,2,4,4,424,New
17005,470,2,622.36,1,3,1,113,Regular
17006,4,8,1635.27,3,4,5,534,Champions
17007,50,7,1120.1,3,3,4,433,Regular
17008,428,1,81.36,1,1,1,111,Lost
17009,550,1,242.06,1,1,1,111,Lost
17010,17,1,195.36,1,1,5,511,New
17011,29,3,671.7,2,3,4,423,New
17012,724,1,360.61,1,2,1,112,Lost
17014,7,3,583.4300000000001,2,2,5,522,New
17015,28,3,1838.6100000000001,2,4,4,424,New
17016,576,1,552.4,1,2,1,112,Lost
17017,2,29,12576.99,4,5,5,545,Champions
17018,40,6,2287.7,3,4,4,434,Champions
17019,10,11,3586.99,4,5,5,545,Champions
17020,541,2,935.62,1,3,1,113,Regular
17021,441,6,1182.22,3,3,1,133,At Risk
17022,30,2,260.0,1,1,4,411,New
17023,416,3,800.18,2,3,1,123,Regular
17024,44,3,95.85,2,1,4,421,New
17025,60,5,1349.67,3,4,3,334,Regular
17026,184,3,175.82999999999998,2,1,3,321,Regular
17027,78,9,1310.63,4,4,3,344,Regular
17028,580,3,1593.83,2,4,1,124,Regular
17029,110,7,2137.3,3,4,3,334,Regular
17030,63,1,146.87,1,1,3,311,Regular
17031,11,6,2773.85,3,4,5,534,Champions
17032,602,5,2896.69,3,5,1,135,At Risk
17033,85,4,1332.79,2,4,3,324,Regular
17034,15,5,1276.42,3,4,5,534,Champions
17035,245,4,613.59,2,3,2,223,Regular
17036,382,1,176.9,1,1,2,211,Lost
17037,87,1,1267.32,1,4,3,314,Regular
17038,29,2,743.17,1,3,4,413,New
17039,603,1,1954.99,1,4,1,114,Regular
17040,137,2,463.25,1,2,3,312,Regular
17041,26,6,1655.2,3,4,4,434,Champions
17042,2,5,1036.58,3,3,5,533,Regular
17043,31,8,2593.65,3,4,4,434,Champions
17044,24,12,11962.3,4,5,4,445,Champions
17045,112,5,827.6800000000001,3,3,3,333,Regular
17046,156,5,1906.07,3,4,3,334,Regular
17047,84,6,2289.23,3,4,3,334,Regular
17048,117,7,2071.68,3,4,3,334,Regular
17049,2,19,9942.53,4,5,5,545,Champions
17050,95,10,4348.46,4,5,3,345,Regular
17051,193,4,706.49,2,3,2,223,Regular
17052,27,1,399.09,1,2,4,412,New
17053,130,1,498.48,1,2,3,312,Regular
17054,27,5,1356.33,3,4,4,434,Champions
17055,445,1,232.85,1,1,1,111,Lost
17056,737,1,128.60000000000002,1,1,1,111,Lost
17057,595,1,288.79,1,2,1,112,Lost
17058,81,3,1179.89,2,3,3,323,Regular
17059,29,9,4864.57,4,5,4,445,Champions
17060,265,1,234.24,1,1,2,211,Lost
17061,73,11,5232.2300000000005,4,5,3,345,Regular
17062,313,6,884.71,3,3,2,233,At Risk
17063,20,13,3638.53,4,5,4,445,Champions
17064,58,3,855.45,2,3,4,423,New
17065,637,2,194.7,1,1,1,111,Lost
17066,725,1,228.34,1,1,1,111,Lost
17067,724,3,454.54,2,2,1,122,Lost
17068,11,47,8980.18,4,5,5,545,Champions
17069,27,14,5517.2300000000005,4,5,4,445,Champions
17070,113,2,437.42,1,2,3,312,Regular
17071,27,13,3793.71,4,5,4,445,Champions
17072,624,1,273.35,1,1,1,111,Lost
17073,17,4,1444.84,2,4,5,524,New
17074,562,1,203.05,1,1,1,111,Lost
17075,17,10,2236.63,4,4,5,544,Champions
17076,35,6,1242.75,3,4,4,434,Champions
17077,577,1,306.0,1,2,1,112,Lost
17078,35,2,375.86,1,2,4,412,New
17079,77,1,118.80000000000001,1,1,3,311,Regular
17080,21,7,957.53,3,3,4,433,Regular
17081,24,6,949.39,3,3,4,433,Regular
17082,32,6,4732.03,3,5,4,435,Champions
17083,108,9,4049.79,4,5,3,345,Regular
17084,34,3,5001.21,2,5,4,425,New
17085,122,28,7839.27,4,5,3,345,Regular
17086,6,6,2050.08,3,4,5,534,Champions
17087,737,1,221.53,1,1,1,111,Lost
17088,27,4,1991.01,2,4,4,424,New
17089,385,1,128.45,1,1,2,211,Lost
17090,3,13,3080.1800000000003,4,5,5,545,Champions
17091,2,19,7495.75,4,5,5,545,Champions
17092,49,11,5511.41,4,5,4,445,Champions
17093,592,1,235.88,1,1,1,111,Lost
17094,321,2,402.20000000000005,1,2,2,212,Lost
17095,22,7,2572.25,3,4,4,434,Champions
17096,14,11,3697.93,4,5,5,545,Champions
17097,1,9,1143.36,4,3,5,543,Regular
17098,381,3,591.0699999999999,2,2,2,222,Lost
17099,532,1,582.17,1,2,1,112,Lost
17100,17,2,971.74,1,3,5,513,New
17101,9,7,2507.05,3,4,5,534,Champions
17102,261,1,25.5,1,1,2,211,Lost
17103,721,1,424.3,1,2,1,112,Lost
17104,423,1,474.03,1,2,1,112,Lost
17105,158,2,665.78,1,3,3,313,Regular
17106,388,1,481.58,1,2,2,212,Lost
17107,32,10,16052.72,4,5,4,445,Champions
17108,663,1,174.95,1,1,1,111,Lost
17109,28,8,1291.71,3,4,4,434,Champions
17110,164,3,499.9,2,2,3,322,Regular
17111,46,2,459.58,1,2,4,412,New
17112,502,1,197.57,1,1,1,111,Lost
17113,573,6,2305.59,3,4,1,134,At Risk
17114,5,8,801.12,3,3,5,533,Regular
17115,7,7,2761.4900000000002,3,4,5,534,Champions
17116,647,1,389.78,1,2,1,112,Lost
17117,287,1,116.19999999999999,1,1,2,211,Lost
17118,317,1,157.02,1,1,2,211,Lost
17119,2,2,606.91,1,3,5,513,New
17120,232,1,307.46,1,2,2,212,Lost
17121,402,1,314.74,1,2,2,212,Lost
17122,118,4,570.5,2,2,3,322,Regular
17123,161,3,966.67,2,3,3,323,Regular
17124,184,1,294.24,1,2,3,312,Regular
17125,49,1,230.5,1,1,4,411,New
17126,151,9,2008.93,4,4,3,344,Regular
17127,428,5,1155.0300000000002,3,3,1,133,At Risk
17128,334,1,157.09,1,1,2,211,Lost
17129,519,1,31.85,1,1,1,111,Lost
17131,4,5,2463.17,3,4,5,534,Champions
17132,451,2,1220.9099999999999,1,4,1,114,Regular
17133,15,12,14622.33,4,5,5,545,Champions
17134,106,3,625.3,2,3,3,323,Regular
17135,15,10,1716.3799999999999,4,4,5,544,Champions
17136,661,1,231.68,1,1,1,111,Lost
17137,415,6,1099.81,3,3,1,133,At Risk
17138,275,7,4417.27,3,5,2,235,At Risk
17139,15,25,19566.76,4,5,5,545,Champions
17140,246,1,454.12,1,2,2,212,Lost
17141,417,4,727.58,2,3,1,123,Regular
17142,238,4,1275.25,2,4,2,224,Regular
17143,416,2,880.97,1,3,1,113,Regular
17144,0,2,984.57,1,3,5,513,New
17145,512,4,3120.91,2,5,1,125,Regular
17146,105,13,5852.64,4,5,3,345,Regular
17147,22,9,3199.95,4,5,4,445,Champions
17148,51,1,124.88,1,1,4,411,New
17149,450,1,143.10000000000002,1,1,1,111,Lost
17150,376,6,1357.95,3,4,2,234,At Risk
17151,734,1,231.90000000000003,1,1,1,111,Lost
17152,194,4,2016.5,2,4,2,224,Regular
17153,23,1,213.78,1,1,4,411,New
17154,74,1,329.34,1,2,3,312,Regular
17155,17,7,892.46,3,3,5,533,Regular
17156,491,1,591.87,1,2,1,112,Lost
17157,7,19,5151.9,4,5,5,545,Champions
17158,31,5,1980.0,3,4,4,434,Champions
17159,21,5,2099.59,3,4,4,434,Champions
17160,30,17,10209.16,4,5,4,445,Champions
17161,443,1,856.01,1,3,1,113,Regular
17162,28,10,1715.46,4,4,4,444,Champions
17163,21,4,699.78,2,3,4,423,New
17164,32,7,2467.35,3,4,4,434,Champions
17165,283,6,1794.32,3,4,2,234,At Risk
17166,38,2,206.34,1,1,4,411,New
17167,379,3,867.11,2,3,2,223,Regular
17168,498,1,400.2,1,2,1,112,Lost
17169,57,3,1156.73,2,3,4,423,New
17170,373,2,178.68,1,1,2,211,Lost
17171,288,2,384.59,1,2,2,212,Lost
17172,78,3,956.5699999999999,2,3,3,323,Regular
17173,4,8,3766.6,3,5,5,535,Champions
17174,217,1,59.9,1,1,2,211,Lost
17175,43,4,1443.69,2,4,4,424,New
17176,201,3,902.3199999999999,2,3,2,223,Regular
17177,504,1,119.5,1,1,1,111,Lost
17178,730,1,432.96,1,2,1,112,Lost
17179,177,6,1507.26,3,4,3,334,Regular
17180,55,11,2236.77,4,4,4,444,Champions
17181,56,3,309.85,2,2,4,422,New
17182,422,2,321.3,1,2,1,112,Lost
17183,7,6,3347.31,3,5,5,535,Champions
17184,568,2,198.41000000000003,1,1,1,111,Lost
17185,591,3,229.46,2,1,1,121,Lost
17186,46,2,144.0,1,1,4,411,New
17187,226,2,467.71,1,2,2,212,Lost
17188,10,13,4592.93,4,5,5,545,Champions
17189,105,5,953.63,3,3,3,333,Regular
17190,58,7,1724.73,3,4,4,434,Champions
17191,27,15,4310.34,4,5,4,445,Champions
17192,535,1,75.28,1,1,1,111,Lost
17193,35,9,2310.04,4,4,4,444,Champions
17194,360,2,776.66,1,3,2,213,Regular
17195,654,1,562.98,1,2,1,112,Lost
17196,427,1,327.75,1,2,1,112,Lost
17197,29,1,1013.01,1,3,4,413,New
17198,23,3,692.22,2,3,4,423,New
17199,581,1,135.04000000000002,1,1,1,111,Lost
17200,386,4,356.71,2,2,2,222,Lost
17201,53,4,1132.6,2,3,4,423,New
17202,420,1,160.65,1,1,1,111,Lost
17203,35,10,5564.09,4,5,4,445,Champions
17204,174,9,5504.6900000000005,4,5,3,345,Regular
17205,53,3,999.35,2,3,4,423,New
17206,52,1,204.24,1,1,4,411,New
17207,651,1,291.77,1,2,1,112,Lost
17208,395,1,111.15,1,1,2,211,Lost
17209,648,3,595.7,2,2,1,122,Lost
17210,392,1,251.72,1,1,2,211,Lost
17211,26,13,3773.35,4,5,4,445,Champions
17212,252,3,794.41,2,3,2,223,Regular
17213,39,13,4869.400000000001,4,5,4,445,Champions
17214,59,6,1059.1200000000001,3,3,3,333,Regular
17215,463,1,186.15,1,1,1,111,Lost
17216,553,1,63.6,1,1,1,111,Lost
17217,233,2,210.1,1,1,2,211,Lost
17218,3,18,3889.39,4,5,5,545,Champions
17219,31,2,259.13,1,1,4,411,New
17220,23,21,4451.41,4,5,4,445,Champions
17221,6,5,976.62,3,3,5,533,Regular
17222,64,6,1563.6100000000001,3,4,3,334,Regular
17223,309,3,523.04,2,2,2,222,Lost
17224,500,1,100.86,1,1,1,111,Lost
17225,581,1,131.15,1,1,1,111,Lost
17226,308,3,895.47,2,3,2,223,Regular
17227,18,12,1878.93,4,4,5,544,Champions
17228,15,13,2820.03,4,4,5,544,Champions
17229,95,2,318.76,1,2,3,312,Regular
17230,263,18,9388.49,4,5,2,245,At Risk
17231,11,25,7064.8,4,5,5,545,Champions
17232,2,2,417.77,1,2,5,512,New
17233,34,3,560.86,2,2,4,422,New
17234,182,1,149.89000000000001,1,1,3,311,Regular
17235,24,8,1562.98,3,4,4,434,Champions
17236,12,12,1929.26,4,4,5,544,Champions
17237,10,4,994.13,2,3,5,523,New
17238,2,32,7331.17,4,5,5,545,Champions
17239,312,4,1189.45,2,3,2,223,Regular
17240,595,1,130.6,1,1,1,111,Lost
17241,384,12,2736.64,4,4,2,244,At Risk
17242,107,5,2889.28,3,5,3,335,Regular
17243,0,69,20184.68,4,5,5,545,Champions
17244,52,5,1826.04,3,4,4,434,Champions
17245,204,2,371.63,1,2,2,212,Lost
17246,546,2,38.92,1,1,1,111,Lost
17247,14,1,280.09000000000003,1,1,5,511,New
17248,119,2,500.54,1,2,3,312,Regular
17249,428,1,68.03,1,1,1,111,Lost
17250,3,2,381.97,1,2,5,512,New
17251,362,3,798.98,2,3,2,223,Regular
17252,116,2,348.91,1,2,3,312,Regular
17253,17,1,178.26,1,1,5,511,New
17254,4,3,469.48,2,2,5,522,New
17255,40,4,781.7,2,3,4,423,New
17256,106,5,498.93,3,2,3,332,Regular
17257,435,2,189.78,1,1,1,111,Lost
17258,396,2,417.3,1,2,2,212,Lost
17259,147,6,1452.39,3,4,3,334,Regular
17260,410,1,120.95,1,1,1,111,Lost
17261,509,1,221.59,1,1,1,111,Lost
17262,51,11,2488.76,4,4,4,444,Champions
17263,207,1,63.440000000000005,1,1,2,211,Lost
17264,423,1,268.28,1,1,1,111,Lost
17265,138,2,550.01,1,2,3,312,Regular
17266,1,5,501.71999999999997,3,2,5,532,Regular
17267,126,2,317.2,1,2,3,312,Regular
17268,107,11,1733.8899999999999,4,4,3,344,Regular
17269,385,1,491.81,1,2,2,212,Lost
17270,468,2,601.4499999999999,1,2,1,112,Lost
17271,735,1,204.3,1,1,1,111,Lost
17272,41,4,2148.63,2,4,4,424,New
17273,423,1,141.12,1,1,1,111,Lost
17274,34,2,573.22,1,2,4,412,New
17275,382,1,114.1,1,1,2,211,Lost
17276,401,1,501.24,1,2,2,212,Lost
17277,227,2,1065.3500000000001,1,3,2,213,Regular
17278,240,2,271.24,1,1,2,211,Lost
17279,57,1,187.82999999999998,1,1,4,411,New
17280,437,1,118.85999999999999,1,1,1,111,Lost
17281,373,6,797.8499999999999,3,3,2,233,At Risk
17282,129,5,2308.54,3,4,3,334,Regular
17283,378,1,188.46,1,1,2,211,Lost
17284,59,7,2558.6,3,4,3,334,Regular
17285,627,2,400.44,1,2,1,112,Lost
17286,21,3,389.18,2,2,4,422,New
17287,25,21,3826.86,4,5,4,445,Champions
17288,8,11,2468.43,4,4,5,544,Champions
17289,31,9,2041.8,4,4,4,444,Champions
17290,3,8,1427.48,3,4,5,534,Champions
17291,307,1,550.8000000000001,1,2,2,212,Lost
17292,471,2,271.75,1,1,1,111,Lost
17293,7,17,3750.63,4,5,5,545,Champions
17294,668,2,467.78999999999996,1,2,1,112,Lost
17295,28,3,547.0,2,2,4,422,New
17296,729,1,338.13,1,2,1,112,Lost
17297,16,1,128.18,1,1,5,511,New
17298,100,5,938.36,3,3,3,333,Regular
17299,11,6,993.23,3,3,5,533,Regular
17300,390,2,393.64,1,2,2,212,Lost
17301,20,2,294.39,1,2,4,412,New
17302,14,5,1135.63,3,3,5,533,Regular
17303,360,1,250.04,1,1,2,211,Lost
17304,533,1,111.5,1,1,1,111,Lost
17305,648,1,2135.46,1,4,1,114,Regular
17306,10,21,9782.35,4,5,5,545,Champions
17307,394,11,3999.8900000000003,4,5,2,245,At Risk
17308,392,2,4511.76,1,5,2,215,Regular
17309,94,3,320.39,2,2,3,322,Regular
17310,386,2,1025.1,1,3,2,213,Regular
17311,77,6,3566.56,3,5,3,335,Regular
17312,138,3,644.3,2,3,3,323,Regular
17313,30,1,2328.84,1,4,4,414,New
17314,24,17,4904.43,4,5,4,445,Champions
17315,1,41,9559.5,4,5,5,545,Champions
17316,419,1,124.45,1,1,1,111,Lost
17317,45,3,2600.34,2,4,4,424,New
17318,724,1,157.32999999999998,1,1,1,111,Lost
17319,668,1,29.1,1,1,1,111,Lost
17320,99,6,2444.85,3,4,3,334,Regular
17321,7,6,1665.21,3,4,5,534,Champions
17322,375,5,922.59,3,3,2,233,At Risk
17323,14,12,1547.64,4,4,5,544,Champions
17324,17,12,2171.07,4,4,5,544,Champions
17325,279,3,609.5699999999999,2,3,2,223,Regular
17326,407,2,312.35,1,2,2,212,Lost
17327,409,2,152.35,1,1,1,111,Lost
17328,672,1,104.7,1,1,1,111,Lost
17329,13,5,998.53,3,3,5,533,Regular
17330,22,4,423.8,2,2,4,422,New
17331,123,1,175.2,1,1,3,311,Regular
17332,527,5,827.77,3,3,1,133,At Risk
17333,85,1,494.25,1,2,3,312,Regular
17334,301,3,635.15,2,3,2,223,Regular
17335,383,2,497.04,1,2,2,212,Lost
17336,471,1,81.12,1,1,1,111,Lost
17337,150,4,1979.61,2,4,3,324,Regular
17338,16,17,11880.54,4,5,5,545,Champions
17339,93,3,302.36,2,2,3,322,Regular
17340,29,18,19617.95,4,5,4,445,Champions
17341,156,5,1272.21,3,4,3,334,Regular
17342,379,4,1227.54,2,4,2,224,Regular
17343,354,6,1259.94,3,4,2,234,At Risk
17344,45,2,457.36,1,2,4,412,New
17345,14,10,1586.6299999999999,4,4,5,544,Champions
17346,3,26,4991.41,4,5,5,545,Champions
17347,85,1,228.96,1,1,3,311,Regular
17348,14,9,2430.99,4,4,5,544,Champions
17349,178,5,772.41,3,3,3,333,Regular
17350,7,7,1893.7,3,4,5,534,Champions
17351,35,12,1964.38,4,4,4,444,Champions
17352,695,1,36.25,1,1,1,111,Lost
17353,128,4,3242.0,2,5,3,325,Regular
17354,50,4,3133.96,2,5,4,425,New
17355,385,1,273.31,1,1,2,211,Lost
17356,311,5,946.47,3,3,2,233,At Risk
17357,23,2,384.39,1,2,4,412,New
17358,302,5,861.01,3,3,2,233,At Risk
17359,10,2,284.46,1,1,5,511,New
17360,16,6,1200.51,3,3,5,533,Regular
17361,48,5,871.79,3,3,4,433,Regular
17362,238,7,1024.04,3,3,2,233,At Risk
17363,394,3,920.46,2,3,2,223,Regular
17364,0,27,11614.45,4,5,5,545,Champions
17365,12,15,8179.45,4,5,5,545,Champions
17366,431,2,1077.24,1,3,1,113,Regular
17367,237,1,167.55,1,1,2,211,Lost
17368,22,14,2758.29,4,4,4,444,Champions
17369,455,1,979.1999999999999,1,3,1,113,Regular
17370,72,4,446.18,2,2,3,322,Regular
17371,16,6,651.37,3,3,5,533,Regular
17372,40,27,4316.46,4,5,4,445,Champions
17373,39,7,1167.5,3,3,4,433,Regular
17374,218,3,727.11,2,3,2,223,Regular
17375,198,4,660.55,2,3,2,223,Regular
17376,70,4,453.64,2,2,3,322,Regular
17377,23,78,17639.23,4,5,4,445,Champions
17378,373,1,10.95,1,1,2,211,Lost
17379,10,1,389.71999999999997,1,2,5,512,New
17380,433,3,645.0,2,3,1,123,Regular
17381,8,38,36398.65,4,5,5,545,Champions
17382,64,8,902.28,3,3,3,333,Regular
17383,3,2,304.09,1,2,5,512,New
17384,18,3,507.55,2,2,5,522,New
17385,14,1,256.11,1,1,5,511,New
17386,7,7,2812.77,3,4,5,534,Champions
17387,19,2,746.81,1,3,4,413,New
17388,77,11,2675.37,4,4,3,344,Regular
17389,0,61,57215.33,4,5,5,545,Champions
17390,420,1,149.3,1,1,1,111,Lost
17391,163,2,508.8,1,2,3,312,Regular
17392,306,3,579.92,2,2,2,222,Lost
17393,410,2,381.15,1,2,1,112,Lost
17394,218,1,203.86999999999998,1,1,2,211,Lost
17395,507,1,97.5,1,1,1,111,Lost
17396,38,13,8391.6,4,5,4,445,Champions
17397,21,3,1198.28,2,3,4,423,New
17398,114,3,653.38,2,3,3,323,Regular
17400,125,8,4623.28,3,5,3,335,Regular
17401,540,1,114.85,1,1,1,111,Lost
17402,4,22,4600.5599999999995,4,5,5,545,Champions
17403,35,2,382.87,1,2,4,412,New
17404,3,21,47638.12,4,5,5,545,Champions
17405,0,3,1031.41,2,3,5,523,New
17406,332,13,4186.95,4,5,2,245,At Risk
17407,411,1,552.9,1,2,1,112,Lost
17408,162,3,316.09000000000003,2,2,3,322,Regular
17409,184,10,7793.51,4,5,3,345,Regular
17410,15,5,1214.72,3,4,5,534,Champions
17411,11,5,1425.38,3,4,5,534,Champions
17412,2,16,4220.22,4,5,5,545,Champions
17413,404,2,560.14,1,2,2,212,Lost
17414,43,6,2249.52,3,4,4,434,Champions
17415,79,1,507.84,1,2,3,312,Regular
17416,29,22,17298.45,4,5,4,445,Champions
17417,548,1,164.18,1,1,1,111,Lost
17418,41,3,670.0600000000001,2,3,4,423,New
17419,10,18,6126.25,4,5,5,545,Champions
17420,49,6,953.58,3,3,4,433,Regular
17421,385,3,1059.41,2,3,2,223,Regular
17422,15,11,3594.76,4,5,5,545,Champions
17423,45,3,1118.95,2,3,4,423,New
17425,18,2,759.17,1,3,5,513,New
17426,7,13,8077.77,4,5,5,545,Champions
17427,71,1,100.8,1,1,3,311,Regular
17428,0,45,31466.760000000002,4,5,5,545,Champions
17429,127,5,1357.46,3,4,3,334,Regular
17430,32,4,622.57,2,3,4,423,New
17431,312,1,403.3,1,2,2,212,Lost
17432,17,9,1728.99,4,4,5,544,Champions
17433,87,2,569.96,1,2,3,312,Regular
17434,1,7,2373.82,3,4,5,534,Champions
17435,410,1,331.35,1,2,1,112,Lost
17436,1,5,534.06,3,2,5,532,Regular
17437,529,1,369.68,1,2,1,112,Lost
17438,253,5,1422.77,3,4,2,234,At Risk
17439,655,1,325.74,1,2,1,112,Lost
17440,156,4,323.58,2,2,3,322,Regular
17441,731,1,293.35,1,2,1,112,Lost
17442,36,15,4620.3,4,5,4,445,Champions
17443,219,1,534.24,1,2,2,212,Lost
17444,151,2,2389.1,1,4,3,314,Regular
17446,176,2,120.9,1,1,3,311,Regular
17447,39,2,541.53,1,2,4,412,New
17448,528,41,14448.67,4,5,1,145,At Risk
17449,1,13,4865.15,4,5,5,545,Champions
17450,7,51,244784.25,4,5,5,545,Champions
17451,0,7,1721.4,3,4,5,534,Champions
17453,17,2,486.71999999999997,1,2,5,512,New
17454,191,10,1547.94,4,4,2,244,At Risk
17455,203,1,131.7,1,1,2,211,Lost
17456,364,2,975.5600000000001,1,3,2,213,Regular
17457,126,14,5984.8099999999995,4,5,3,345,Regular
17458,14,2,529.58,1,2,5,512,New
17459,42,2,657.3,1,3,4,413,New
17460,93,16,2157.9700000000003,4,4,3,344,Regular
17461,22,3,735.82,2,3,4,423,New
17462,59,2,675.69,1,3,3,313,Regular
17463,15,7,2535.26,3,4,5,534,Champions
17464,157,3,907.14,2,3,3,323,Regular
17465,425,7,2542.79,3,4,1,134,At Risk
17466,9,2,763.28,1,3,5,513,New
17467,394,1,102.6,1,1,2,211,Lost
17468,9,3,194.8,2,1,5,521,New
17469,15,17,5051.25,4,5,5,545,Champions
17470,44,11,2626.47,4,4,4,444,Champions
17471,474,1,321.65000000000003,1,2,1,112,Lost
17472,190,4,922.35,2,3,2,223,Regular
17473,408,2,607.0,1,3,2,213,Regular
17474,599,1,1047.0,1,3,1,113,Regular
17475,78,1,194.37,1,1,3,311,Regular
17476,395,2,489.86,1,2,2,212,Lost
17477,612,2,1144.3,1,3,1,113,Regular
17478,407,2,1272.8,1,4,2,214,Regular
17479,632,1,389.26000000000005,1,2,1,112,Lost
17480,77,2,882.23,1,3,3,313,Regular
17481,3,4,1255.59,2,4,5,524,New
17482,486,2,775.64,1,3,1,113,Regular
17483,64,4,591.73,2,2,3,322,Regular
17484,575,2,209.57,1,1,1,111,Lost
17486,260,1,396.87,1,2,2,212,Lost
17487,727,1,160.55,1,1,1,111,Lost
17488,640,1,336.5,1,2,1,112,Lost
17489,58,2,376.64,1,2,4,412,New
17490,0,9,2750.5,4,4,5,544,Champions
17491,0,17,5653.67,4,5,5,545,Champions
17492,247,3,1122.42,2,3,2,223,Regular
17493,384,1,100.91000000000001,1,1,2,211,Lost
17494,501,1,54.699999999999996,1,1,1,111,Lost
17495,7,3,806.72,2,3,5,523,New
17496,358,4,1412.89,2,4,2,224,Regular
17497,389,2,287.25,1,2,2,212,Lost
17498,75,1,272.22,1,1,3,311,Regular
17499,289,2,1341.39,1,4,2,214,Regular
17500,16,3,1138.0,2,3,5,523,New
17501,220,2,288.6,1,2,2,212,Lost
17502,8,4,689.1,2,3,5,523,New
17503,2,2,558.96,1,2,5,512,New
17504,205,18,9490.17,4,5,2,245,At Risk
17505,161,5,2435.48,3,4,3,334,Regular
17506,75,1,302.2,1,2,3,312,Regular
17507,261,2,605.58,1,3,2,213,Regular
17508,280,8,4579.23,3,5,2,235,At Risk
17509,57,8,6083.64,3,5,4,435,Champions
17510,24,2,514.56,1,2,4,412,New
17511,2,60,172132.87,4,5,5,545,Champions
17512,28,18,5467.820000000001,4,5,4,445,Champions
17513,71,3,1158.8,2,3,3,323,Regular
17514,127,2,522.0,1,2,3,312,Regular
17515,30,9,1602.51,4,4,4,444,Champions
17516,14,6,947.5,3,3,5,533,Regular
17517,308,1,153.94,1,1,2,211,Lost
17518,425,2,329.42,1,2,1,112,Lost
17519,16,15,4774.17,4,5,5,545,Champions
17520,53,1,546.81,1,2,4,412,New
17521,29,5,1278.06,3,4,4,434,Champions
17522,1,5,1066.15,3,3,5,533,Regular
17523,10,4,652.74,2,3,5,523,New
17524,360,3,539.14,2,2,2,222,Lost
17525,359,3,1161.9,2,3,2,223,Regular
17526,4,12,3939.24,4,5,5,545,Champions
17527,53,4,939.37,2,3,4,423,New
17528,0,8,3628.5,3,5,5,535,Champions
17529,609,2,1240.25,1,4,1,114,Regular
17530,0,12,2787.1,4,4,5,544,Champions
17531,189,3,1266.82,2,4,2,224,Regular
17532,385,1,65.34,1,1,2,211,Lost
17533,434,1,34.8,1,1,1,111,Lost
17534,53,5,1668.83,3,4,4,434,Champions
17535,279,1,164.4,1,1,2,211,Lost
17536,176,3,364.83,2,2,3,322,Regular
17537,29,2,887.67,1,3,4,413,New
17538,25,1,98.42,1,1,4,411,New
17539,627,3,1161.84,2,3,1,123,Regular
17540,24,6,1590.6000000000001,3,4,4,434,Champions
17541,509,1,119.86,1,1,1,111,Lost
17542,269,3,340.85,2,2,2,222,Lost
17543,549,1,120.05,1,1,1,111,Lost
17544,389,3,944.82,2,3,2,223,Regular
17545,42,6,1409.8600000000001,3,4,4,434,Champions
17547,375,2,727.85,1,3,2,213,Regular
17548,233,4,731.26,2,3,2,223,Regular
17549,23,2,148.86,1,1,4,411,New
17550,196,9,2506.64,4,4,2,244,At Risk
17551,358,1,290.34,1,2,2,212,Lost
17552,59,12,2786.77,4,4,3,344,Regular
17553,129,4,3757.6,2,5,3,325,Regular
17554,0,5,1952.45,3,4,5,534,Champions
17555,19,5,1045.74,3,3,4,433,Regular
17556,205,2,300.67,1,2,2,212,Lost
17557,13,4,575.46,2,2,5,522,New
17558,392,1,259.17,1,1,2,211,Lost
17559,512,1,167.62,1,1,1,111,Lost
17560,94,8,1895.8,3,4,3,334,Regular
17561,18,4,703.02,2,3,5,523,New
17562,13,7,1122.38,3,3,5,533,Regular
17563,577,2,392.38,1,2,1,112,Lost
17564,23,3,454.01,2,2,4,422,New
17565,586,1,131.83,1,1,1,111,Lost
17566,7,2,869.77,1,3,5,513,New
17567,6,9,4838.08,4,5,5,545,Champions
17568,632,1,374.45,1,2,1,112,Lost
17569,331,1,344.14,1,2,2,212,Lost
17571,49,5,1629.66,3,4,4,434,Champions
17572,70,10,652.21,4,3,3,343,Regular
17573,28,3,380.6,2,2,4,422,New
17574,242,1,185.65,1,1,2,211,Lost
17575,666,1,171.7,1,1,1,111,Lost
17576,7,41,8705.6,4,5,5,545,Champions
17577,644,2,348.75,1,2,1,112,Lost
17578,217,7,1047.33,3,3,2,233,At Risk
17579,4,4,753.28,2,3,5,523,New
17580,252,5,538.07,3,2,2,232,Regular
17581,0,43,17951.17,4,5,5,545,Champions
17582,235,5,1446.95,3,4,2,234,At Risk
17583,559,1,135.95,1,1,1,111,Lost
17584,6,6,5309.42,3,5,5,535,Champions
17585,108,7,2064.71,3,4,3,334,Regular
17586,618,1,167.4,1,1,1,111,Lost
17587,627,1,173.76,1,1,1,111,Lost
17588,99,7,2939.55,3,5,3,335,Regular
17589,59,18,13806.27,4,5,3,345,Regular
17590,1,3,1466.77,2,4,5,524,New
17591,72,8,2339.32,3,4,3,334,Regular
17592,738,1,148.3,1,1,1,111,Lost
17593,3,11,8092.32,4,5,5,545,Champions
17594,84,4,2497.88,2,4,3,324,Regular
17595,11,2,386.69,1,2,5,512,New
17596,22,13,4491.46,4,5,4,445,Champions
17597,213,5,3484.09,3,5,2,235,At Risk
17598,380,1,409.98,1,2,2,212,Lost
17599,477,1,52.05,1,1,1,111,Lost
17600,17,1,161.67000000000002,1,1,5,511,New
17601,238,2,412.65999999999997,1,2,2,212,Lost
17602,1,14,7354.43,4,5,5,545,Champions
17603,77,4,1788.38,2,4,3,324,Regular
17604,216,6,942.38,3,3,2,233,At Risk
17605,589,1,160.75,1,1,1,111,Lost
17606,736,1,87.30000000000001,1,1,1,111,Lost
17607,375,1,333.81,1,2,2,212,Lost
17608,32,4,488.06,2,2,4,422,New
17609,40,11,1875.36,4,4,4,444,Champions
17610,539,5,1511.94,3,4,1,134,At Risk
17611,6,28,8287.53,4,5,5,545,Champions
17612,52,18,5394.86,4,5,4,445,Champions
17613,22,14,4544.55,4,5,4,445,Champions
17614,56,1,386.32,1,2,4,412,New
17615,129,6,721.8,3,3,3,333,Regular
17616,173,4,734.4,2,3,3,323,Regular
17617,558,1,385.19,1,2,1,112,Lost
17618,5,11,4001.64,4,5,5,545,Champions
17619,311,1,214.37,1,1,2,211,Lost
17620,59,1,81.44,1,1,3,311,Regular
17621,20,6,3175.12,3,5,4,435,Champions
17622,597,2,1130.21,1,3,1,113,Regular
17623,32,7,2365.77,3,4,4,434,Champions
17624,14,4,1568.63,2,4,5,524,New
17625,17,8,5978.9,3,5,5,535,Champions
17626,602,1,254.0,1,1,1,111,Lost
17627,478,1,296.36,1,2,1,112,Lost
17628,80,1,75.75,1,1,3,311,Regular
17629,5,10,2455.52,4,4,5,544,Champions
17630,169,2,503.59999999999997,1,2,3,312,Regular
17631,1,7,998.49,3,3,5,533,Regular
17633,30,7,2057.39,3,4,4,434,Champions
17634,35,9,2358.59,4,4,4,444,Champions
17635,423,3,1265.58,2,4,1,124,Regular
17636,18,1,285.56,1,2,5,512,New
17637,30,2,547.0600000000001,1,2,4,412,New
17638,646,2,842.4,1,3,1,113,Regular
17639,275,6,615.17,3,3,2,233,At Risk
17640,86,6,3168.94,3,5,3,335,Regular
17642,119,5,1824.49,3,4,3,334,Regular
17643,372,2,439.7,1,2,2,212,Lost
17644,0,20,6028.6,4,5,5,545,Champions
17646,218,12,3898.79,4,5,2,245,At Risk
17647,64,3,331.65999999999997,2,2,3,322,Regular
17648,60,5,2216.37,3,4,3,334,Regular
17649,137,3,1578.89,2,4,3,324,Regular
17650,20,1,166.08,1,1,4,411,New
17651,11,16,5703.52,4,5,5,545,Champions
17652,24,12,4867.72,4,5,4,445,Champions
17653,36,4,1207.56,2,4,4,424,New
17654,276,1,117.55,1,1,2,211,Lost
17655,10,9,2976.38,4,5,5,545,Champions
17656,72,5,1674.69,3,4,3,334,Regular
17657,429,1,126.0,1,1,1,111,Lost
17658,25,2,595.42,1,2,4,412,New
17659,16,14,3586.9900000000002,4,5,5,545,Champions
17660,140,2,342.22,1,2,3,312,Regular
17662,661,2,412.92,1,2,1,112,Lost
17663,25,17,5175.83,4,5,4,445,Champions
17664,18,4,1166.23,2,3,5,523,New
17665,492,1,563.1,1,2,1,112,Lost
17666,3,5,2047.8,3,4,5,534,Champions
17667,65,9,3950.7,4,5,3,345,Regular
17668,0,2,347.75,1,2,5,512,New
17669,42,10,6142.35,4,5,4,445,Champions
17670,227,1,205.7,1,1,2,211,Lost
17671,15,5,2009.16,3,4,5,534,Champions
17672,49,6,5663.74,3,5,4,435,Champions
17673,1,13,4173.88,4,5,5,545,Champions
17674,73,2,551.04,1,2,3,312,Regular
17675,0,70,37642.48,4,5,5,545,Champions
17676,3,10,2448.64,4,4,5,544,Champions
17677,1,54,35058.46,4,5,5,545,Champions
17678,263,2,599.76,1,2,2,212,Lost
17679,52,7,3577.61,3,5,4,435,Champions
17680,23,3,497.45,2,2,4,422,New
17681,596,5,731.2,3,3,1,133,At Risk
17682,9,11,4065.28,4,5,5,545,Champions
17683,385,3,819.01,2,3,2,223,Regular
17684,43,1,239.41,1,1,4,411,New
17685,16,12,5454.95,4,5,5,545,Champions
17686,6,9,8296.81,4,5,5,545,Champions
17687,420,1,432.68,1,2,1,112,Lost
17688,393,1,304.2,1,2,2,212,Lost
17689,387,2,317.08,1,2,2,212,Lost
17690,29,20,6963.8,4,5,4,445,Champions
17691,357,4,637.5500000000001,2,3,2,223,Regular
17692,126,12,2960.44,4,5,3,345,Regular
17693,136,1,200.47,1,1,3,311,Regular
17694,141,3,1695.97,2,4,3,324,Regular
17695,131,5,1746.04,3,4,3,334,Regular
17696,37,27,7679.59,4,5,4,445,Champions
17697,235,1,338.95,1,2,2,212,Lost
17698,260,1,154.95,1,1,2,211,Lost
17699,476,2,442.0,1,2,1,112,Lost
17700,16,14,6679.97,4,5,5,545,Champions
17701,252,1,417.95,1,2,2,212,Lost
17702,29,6,3144.04,3,5,4,435,Champions
17703,34,4,1094.84,2,3,4,423,New
17704,168,2,885.19,1,3,3,313,Regular
17705,2,11,2083.9,4,4,5,544,Champions
17706,3,31,20272.15,4,5,5,545,Champions
17707,184,8,609.3000000000001,3,3,3,333,Regular
17708,187,4,884.1800000000001,2,3,2,223,Regular
17709,169,5,671.01,3,3,3,333,Regular
17710,423,1,293.5,1,2,1,112,Lost
17711,10,2,385.1,1,2,5,512,New
17712,44,1,522.91,1,2,4,412,New
17713,381,4,1198.09,2,3,2,223,Regular
17714,320,5,1410.18,3,4,2,234,At Risk
17715,200,2,489.59999999999997,1,2,2,212,Lost
17716,22,24,15956.97,4,5,4,445,Champions
17717,420,1,376.92,1,2,1,112,Lost
17718,231,2,439.18,1,2,2,212,Lost
17719,37,15,5396.04,4,5,4,445,Champions
17720,25,10,2666.91,4,4,4,444,Champions
17721,658,1,307.21000000000004,1,2,1,112,Lost
17722,95,5,3520.2200000000003,3,5,3,335,Regular
17723,126,7,3378.4000000000005,3,5,3,335,Regular
17724,70,3,1033.0,2,3,3,323,Regular
17725,15,11,3439.08,4,5,5,545,Champions
17726,394,7,1092.06,3,3,2,233,At Risk
17727,14,1,1060.25,1,3,5,513,New
17728,3,5,4238.76,3,5,5,535,Champions
17729,595,1,438.65000000000003,1,2,1,112,Lost
17730,2,20,7773.8,4,5,5,545,Champions
17731,78,6,1708.99,3,4,3,334,Regular
17732,372,8,2166.42,3,4,2,234,At Risk
17733,38,2,692.19,1,3,4,413,New
17734,53,6,1442.32,3,4,4,434,Champions
17735,1,26,16790.33,4,5,5,545,Champions
17736,8,3,377.44,2,2,5,522,New
17737,8,2,168.24,1,1,5,511,New
17738,18,13,4183.56,4,5,5,545,Champions
17739,11,18,7730.59,4,5,5,545,Champions
17740,388,6,426.9,3,2,2,232,Regular
17741,406,2,101.1,1,1,2,211,Lost
17742,112,11,2098.48,4,4,3,344,Regular
17743,447,1,229.2,1,1,1,111,Lost
17744,3,7,2649.14,3,4,5,534,Champions
17745,477,2,600.34,1,2,1,112,Lost
17746,239,4,904.1800000000001,2,3,2,223,Regular
17747,112,1,71.4,1,1,3,311,Regular
17748,526,1,358.15,1,2,1,112,Lost
17749,177,3,1026.18,2,3,3,323,Regular
17750,4,9,1694.16,4,4,5,544,Champions
17751,420,1,157.85999999999999,1,1,1,111,Lost
17752,358,1,80.64,1,1,2,211,Lost
17753,463,4,382.06,2,2,1,122,Lost
17754,0,13,4451.22,4,5,5,545,Champions
17756,375,3,728.75,2,3,2,223,Regular
17757,0,56,9070.1,4,5,5,545,Champions
17758,18,12,4964.03,4,5,5,545,Champions
17759,16,5,1260.63,3,4,5,534,Champions
17760,21,6,746.39,3,3,4,433,Regular
17761,32,1,712.78,1,3,4,413,New
17762,455,1,129.75,1,1,1,111,Lost
17763,262,4,86.15,2,1,2,221,Lost
17764,50,5,1513.57,3,4,4,434,Champions
17765,158,4,524.0,2,2,3,322,Regular
17766,380,2,299.61,1,2,2,212,Lost
17767,14,2,413.05,1,2,5,512,New
17768,7,7,3292.73,3,5,5,535,Champions
17769,12,17,7053.38,4,5,5,545,Champions
17770,198,5,1143.27,3,3,2,233,At Risk
17771,56,4,386.93,2,2,4,422,New
17772,10,3,360.75,2,2,5,522,New
17773,513,2,575.37,1,2,1,112,Lost
17774,96,9,3272.83,4,5,3,345,Regular
17775,254,1,56.4,1,1,2,211,Lost
17776,386,2,329.3,1,2,2,212,Lost
17777,24,3,647.56,2,3,4,423,New
17778,661,1,197.70000000000002,1,1,1,111,Lost
17779,20,3,650.32,2,3,4,423,New
17780,666,3,346.56,2,2,1,122,Lost
17781,158,2,188.02,1,1,3,311,Regular
17782,382,2,679.02,1,3,2,213,Regular
17783,71,3,376.96,2,2,3,322,Regular
17784,549,1,112.86,1,1,1,111,Lost
17785,52,3,403.38,2,2,4,422,New
17786,84,2,266.85,1,1,3,311,Regular
17787,152,4,1817.54,2,4,3,324,Regular
17788,73,2,1112.95,1,3,3,313,Regular
17789,280,2,397.15,1,2,2,212,Lost
17790,26,20,2779.41,4,4,4,444,Champions
17791,29,1,106.1,1,1,4,411,New
17792,466,2,368.35,1,2,1,112,Lost
17793,24,1,300.34,1,2,4,412,New
17794,686,2,147.3,1,1,1,111,Lost
17795,179,2,342.83,1,2,3,312,Regular
17796,39,7,1236.39,3,4,4,434,Champions
17797,21,8,1971.87,3,4,4,434,Champions
17798,581,1,172.17,1,1,1,111,Lost
17799,21,20,6246.93,4,5,4,445,Champions
17800,36,9,1186.21,4,3,4,443,Regular
17801,450,3,770.03,2,3,1,123,Regular
17802,81,10,4946.22,4,5,3,345,Regular
17803,391,1,184.66,1,1,2,211,Lost
17804,375,3,383.78000000000003,2,2,2,222,Lost
17805,73,2,927.03,1,3,3,313,Regular
17806,10,1,546.04,1,2,5,512,New
17807,394,3,437.87,2,2,2,222,Lost
17808,548,4,262.64,2,1,1,121,Lost
17809,15,20,10085.89,4,5,5,545,Champions
17810,668,2,343.21,1,2,1,112,Lost
17811,3,47,9513.1,4,5,5,545,Champions
17812,12,7,911.99,3,3,5,533,Regular
17813,13,5,1698.07,3,4,5,534,Champions
17814,374,2,1609.37,1,4,2,214,Regular
17815,392,1,591.96,1,2,2,212,Lost
17816,36,6,96.11,3,1,4,431,Regular
17817,3,6,788.15,3,3,5,533,Regular
17818,737,1,124.78,1,1,1,111,Lost
17819,71,12,6021.05,4,5,3,345,Regular
17820,373,1,180.60999999999999,1,1,2,211,Lost
17821,405,1,334.62,1,2,2,212,Lost
17822,419,5,2154.08,3,4,1,134,At Risk
17823,420,2,449.25,1,2,1,112,Lost
17824,50,1,298.4,1,2,4,412,New
17825,598,4,701.96,2,3,1,123,Regular
17826,373,1,133.34,1,1,2,211,Lost
17827,4,6,2376.17,3,4,5,534,Champions
17828,22,4,1165.09,2,3,4,423,New
17829,298,5,4756.74,3,5,2,235,At Risk
17830,1,3,398.7,2,2,5,522,New
17831,32,1,35.400000000000006,1,1,4,411,New
17832,49,1,155.37,1,1,4,411,New
17833,722,1,338.46000000000004,1,2,1,112,Lost
17834,414,2,689.6700000000001,1,3,1,113,Regular
17835,2,3,342.24,2,2,5,522,New
17836,46,1,109.83,1,1,4,411,New
17837,41,8,1535.33,3,4,4,434,Champions
17838,26,13,5604.64,4,5,4,445,Champions
17839,41,1,318.15,1,2,4,412,New
17840,443,1,175.9,1,1,1,111,Lost
17841,1,211,68519.95,4,5,5,545,Champions
17842,601,1,430.69,1,2,1,112,Lost
17843,302,2,312.65,1,2,2,212,Lost
17844,106,1,51.559999999999995,1,1,3,311,Regular
17845,554,4,596.09,2,2,1,122,Lost
17847,515,2,125.74000000000001,1,1,1,111,Lost
17848,80,30,3538.46,4,5,3,345,Regular
17849,217,8,1063.76,3,3,2,233,At Risk
17850,371,155,51208.87,4,5,2,245,At Risk
17851,421,6,1552.35,3,4,1,134,At Risk
17852,11,5,657.8100000000001,3,3,5,533,Regular
17853,406,3,1596.29,2,4,2,224,Regular
17854,184,6,1068.5,3,3,3,333,Regular
17855,372,1,208.97,1,1,2,211,Lost
17856,1,4,1418.03,2,4,5,524,New
17857,3,23,25769.54,4,5,5,545,Champions
17858,5,30,12518.65,4,5,5,545,Champions
17859,304,1,141.92000000000002,1,1,2,211,Lost
17860,368,4,717.39,2,3,2,223,Regular
17861,2,18,5088.29,4,5,5,545,Champions
17862,323,4,1254.89,2,4,2,224,Regular
17863,58,12,5360.48,4,5,4,445,Champions
17864,12,5,876.57,3,3,5,533,Regular
17865,30,46,26310.09,4,5,4,445,Champions
17866,142,3,1134.95,2,3,3,323,Regular
17867,29,14,1560.72,4,4,4,444,Champions
17868,385,1,227.15,1,1,2,211,Lost
17869,106,7,813.64,3,3,3,333,Regular
17870,1,13,2753.29,4,4,5,544,Champions
17871,204,5,1068.95,3,3,2,233,At Risk
17872,381,1,235.87,1,1,2,211,Lost
17873,79,18,6135.95,4,5,3,345,Regular
17874,184,6,683.46,3,3,3,333,Regular
17875,687,1,167.1,1,1,1,111,Lost
17876,399,3,3424.02,2,5,2,225,Regular
17877,169,1,237.61,1,1,3,311,Regular
17878,43,3,1378.93,2,4,4,424,New
17879,173,1,178.51999999999998,1,1,3,311,Regular
17880,364,3,824.9200000000001,2,3,2,223,Regular
17881,303,1,133.35000000000002,1,1,2,211,Lost
17882,378,2,291.56,1,2,2,212,Lost
17883,2,7,988.42,3,3,5,533,Regular
17884,3,20,2693.47,4,4,5,544,Champions
17885,11,1,156.34,1,1,5,511,New
17886,31,6,1572.55,3,4,4,434,Champions
17887,128,1,111.35,1,1,3,311,Regular
17888,20,25,1807.44,4,4,4,444,Champions
17889,211,7,746.42,3,3,2,233,At Risk
17890,322,2,586.89,1,2,2,212,Lost
17891,161,1,203.85999999999999,1,1,3,311,Regular
17892,55,3,244.1,2,1,4,421,New
17893,224,1,107.21,1,1,2,211,Lost
17894,71,18,2304.16,4,4,3,344,Regular
17895,43,1,95.45,1,1,4,411,New
17896,22,1,256.32,1,1,4,411,New
17897,172,9,2053.04,4,4,3,344,Regular
17898,84,4,299.18,2,2,3,322,Regular
17899,158,1,154.55,1,1,3,311,Regular
17900,189,2,112.19999999999999,1,1,2,211,Lost
17901,28,3,260.08,2,1,4,421,New
17902,546,1,216.39999999999998,1,1,1,111,Lost
17903,393,1,381.09000000000003,1,2,2,212,Lost
17904,20,1,181.07,1,1,4,411,New
17905,70,13,2168.37,4,4,3,344,Regular
17906,246,1,72.9,1,1,2,211,Lost
17907,640,1,291.76,1,2,1,112,Lost
17908,373,5,1142.47,3,3,2,233,At Risk
17909,736,1,110.05,1,1,1,111,Lost
17910,725,1,261.7,1,1,1,111,Lost
17911,8,1,366.23,1,2,5,512,New
17912,309,6,371.6,3,2,2,232,Regular
17913,58,14,3425.09,4,5,4,445,Champions
17914,3,1,329.36,1,2,5,512,New
17915,550,1,225.78,1,1,1,111,Lost
17916,628,2,43.87,1,1,1,111,Lost
17917,44,3,335.03,2,2,4,422,New
17918,500,3,388.44,2,2,1,122,Lost
17919,87,2,1840.32,1,4,3,314,Regular
17920,3,54,23569.88,4,5,5,545,Champions
17921,63,10,2394.36,4,4,3,344,Regular
17922,542,1,170.4,1,1,1,111,Lost
17923,281,3,497.0,2,2,2,222,Lost
17924,11,8,3257.7000000000003,3,5,5,535,Champions
17925,372,1,244.08,1,1,2,211,Lost
17926,132,5,1035.49,3,3,3,333,Regular
17927,721,1,294.0,1,2,1,112,Lost
17928,44,3,313.16,2,2,4,422,New
17929,10,12,3082.1,4,5,5,545,Champions
17930,35,13,4275.22,4,5,4,445,Champions
17931,133,14,3402.24,4,5,3,345,Regular
17932,28,3,1331.57,2,4,4,424,New
17933,631,1,105.99,1,1,1,111,Lost
17934,51,3,1049.15,2,3,4,423,New
17935,137,7,683.24,3,3,3,333,Regular
17936,4,1,380.13,1,2,5,512,New
17937,8,7,4301.22,3,5,5,535,Champions
17938,419,1,144.29,1,1,1,111,Lost
17939,159,1,99.14,1,1,3,311,Regular
17940,48,14,28389.58,4,5,4,445,Champions
17941,130,4,1433.28,2,4,3,324,Regular
17942,7,1,77.50000000000001,1,1,5,511,New
17944,422,1,74.99,1,1,1,111,Lost
17945,696,3,359.5,2,2,1,122,Lost
17946,232,2,149.57999999999998,1,1,2,211,Lost
17947,36,1,176.68,1,1,4,411,New
17948,146,1,358.56000000000006,1,2,3,312,Regular
17949,0,116,107833.48,4,5,5,545,Champions
17950,71,7,1166.29,3,3,3,333,Regular
17951,39,4,1340.5800000000002,2,4,4,424,New
17952,377,4,788.46,2,3,2,223,Regular
17953,539,1,148.67000000000002,1,1,1,111,Lost
17954,4,19,3801.83,4,5,5,545,Champions
17955,198,6,949.9,3,3,2,233,At Risk
17956,248,1,12.75,1,1,2,211,Lost
17957,65,1,110.72,1,1,3,311,Regular
17958,116,2,973.88,1,3,3,313,Regular
17959,591,1,140.75,1,1,1,111,Lost
17960,170,3,135.08,2,1,3,321,Regular
17961,20,100,2866.74,4,4,4,444,Champions
17962,141,4,665.91,2,3,3,323,Regular
17963,470,4,643.16,2,3,1,123,Regular
17964,31,2,463.21,1,2,4,412,New
17965,37,29,7002.9,4,5,4,445,Champions
17966,37,10,1963.92,4,4,4,444,Champions
17967,371,2,223.42,1,1,2,211,Lost
17968,373,4,590.4399999999999,2,2,2,222,Lost
17969,165,20,2354.29,4,4,3,344,Regular
17970,210,1,562.79,1,2,2,212,Lost
17971,547,1,161.94,1,1,1,111,Lost
17972,241,1,135.19,1,1,2,211,Lost
17973,51,1,337.04,1,2,4,412,New
17974,24,6,1739.09,3,4,4,434,Champions
17975,14,24,6693.03,4,5,5,545,Champions
17976,371,1,321.79,1,2,2,212,Lost
17977,28,2,1511.45,1,4,4,414,New
17978,364,4,1159.99,2,3,2,223,Regular
17979,35,4,729.01,2,3,4,423,New
17980,165,4,1012.72,2,3,3,323,Regular
17981,410,1,239.12,1,1,1,111,Lost
17982,680,1,138.18,1,1,1,111,Lost
17983,394,1,171.71,1,1,2,211,Lost
17984,144,5,1148.69,3,3,3,333,Regular
17985,21,1,631.35,1,3,4,413,New
17986,55,1,20.8,1,1,4,411,New
17987,184,5,965.4399999999999,3,3,3,333,Regular
17988,11,13,485.69,4,2,5,542,Regular
17989,378,1,207.32999999999998,1,1,2,211,Lost
17990,236,6,1527.6100000000001,3,4,2,234,At Risk
17991,224,3,298.65,2,2,2,222,Lost
17992,388,1,252.88,1,1,2,211,Lost
17993,616,1,225.99,1,1,1,111,Lost
17994,121,11,2264.0299999999997,4,4,3,344,Regular
17995,281,3,495.48,2,2,2,222,Lost
17996,379,3,469.73,2,2,2,222,Lost
17997,73,8,1962.46,3,4,3,334,Regular
17998,379,3,639.24,2,3,2,223,Regular
17999,36,3,528.46,2,2,4,422,New
18000,563,1,124.25,1,1,1,111,Lost
18001,11,6,924.14,3,3,5,533,Regular
18002,375,4,237.62,2,1,2,221,Lost
18003,375,1,353.51,1,2,2,212,Lost
18004,361,1,157.92,1,1,2,211,Lost
18005,3,2,226.47,1,1,5,511,New
18006,22,4,969.51,2,3,4,423,New
18007,392,1,215.22,1,1,2,211,Lost
18008,69,23,19759.079999999998,4,5,3,345,Regular
18009,234,8,2144.23,3,4,2,234,At Risk
18010,256,1,174.8,1,1,2,211,Lost
18011,372,2,410.79,1,2,2,212,Lost
18012,722,1,115.3,1,1,1,111,Lost
18013,154,2,187.29,1,1,3,311,Regular
18014,27,1,154.27,1,1,4,411,New
18015,3,1,120.03,1,1,5,511,New
18016,31,7,1954.56,3,4,4,434,Champions
18017,80,4,688.0,2,3,3,323,Regular
18018,107,4,297.99,2,2,3,322,Regular
18019,51,1,38.45,1,1,4,411,New
18020,543,1,190.48000000000002,1,1,1,111,Lost
18021,509,2,216.41,1,1,1,111,Lost
18022,35,5,1506.62,3,4,4,434,Champions
18024,152,2,389.78,1,2,3,312,Regular
18025,379,6,1177.72,3,3,2,233,At Risk
18026,500,2,2074.07,1,4,1,114,Regular
18027,98,1,115.31,1,1,3,311,Regular
18028,582,1,192.05,1,1,1,111,Lost
18029,641,1,433.77,1,2,1,112,Lost
18030,3,2,230.64999999999998,1,1,5,511,New
18031,378,1,451.3,1,2,2,212,Lost
18032,333,1,73.5,1,1,2,211,Lost
18033,64,1,93.82000000000001,1,1,3,311,Regular
18034,21,3,753.35,2,3,4,423,New
18035,35,5,1260.23,3,4,4,434,Champions
18036,31,11,1545.49,4,4,4,444,Champions
18037,153,15,167.42,4,1,3,341,Regular
18038,555,1,141.48,1,1,1,111,Lost
18039,373,4,548.22,2,2,2,222,Lost
18040,18,2,357.20000000000005,1,2,5,512,New
18041,11,38,8018.7699999999995,4,5,5,545,Champions
18042,53,2,281.15,1,1,4,411,New
18043,24,3,529.29,2,2,4,422,New
18044,3,18,3505.61,4,5,5,545,Champions
18045,44,1,178.34,1,1,4,411,New
18046,649,1,189.63,1,1,1,111,Lost
18047,380,2,326.09,1,2,2,212,Lost
18048,202,3,394.93,2,2,2,222,Lost
18049,436,2,500.5,1,2,1,112,Lost
18050,358,2,412.06,1,2,2,212,Lost
18051,633,7,2282.28,3,4,1,134,At Risk
18052,564,1,10877.18,1,5,1,115,Regular
18053,70,3,571.07,2,2,3,322,Regular
18054,392,1,176.5,1,1,2,211,Lost
18055,6,14,10142.64,4,5,5,545,Champions
18056,287,2,554.6,1,2,2,212,Lost
18057,392,3,1168.14,2,3,2,223,Regular
18058,9,3,774.06,2,3,5,523,New
18059,22,3,306.46,2,2,4,422,New
18060,407,2,1185.46,1,3,2,213,Regular
18061,21,28,6083.81,4,5,4,445,Champions
18062,172,6,1632.67,3,4,3,334,Regular
18063,390,2,186.60000000000002,1,1,2,211,Lost
18064,132,11,4481.83,4,5,3,345,Regular
18065,5,28,5846.63,4,5,5,545,Champions
18066,74,3,1440.4,2,4,3,324,Regular
18067,39,1,396.33,1,2,4,412,New
18068,288,1,101.69999999999999,1,1,2,211,Lost
18069,25,11,4449.02,4,5,4,445,Champions
18070,668,1,314.1,1,2,1,112,Lost
18071,257,6,1169.68,3,3,2,233,At Risk
18072,185,1,247.44,1,1,3,311,Regular
18073,113,12,3859.82,4,5,3,345,Regular
18074,373,2,1019.44,1,3,2,213,Regular
18075,22,20,5783.29,4,5,4,445,Champions
18076,379,1,151.49,1,1,2,211,Lost
18077,7,18,4078.79,4,5,5,545,Champions
18078,216,4,725.53,2,3,2,223,Regular
18079,44,5,4203.93,3,5,4,435,Champions
18080,18,2,1231.5,1,4,5,514,New
18081,35,3,343.45,2,2,4,422,New
18082,25,1,680.84,1,3,4,413,New
18083,397,1,463.53,1,2,2,212,Lost
18084,15,3,795.2299999999999,2,3,5,523,New
18085,329,4,1341.8500000000001,2,4,2,224,Regular
18086,273,1,101.34,1,1,2,211,Lost
18087,290,16,13908.72,4,5,2,245,At Risk
18088,60,1,166.03,1,1,3,311,Regular
18089,446,1,428.45,1,2,1,112,Lost
18090,421,1,321.9,1,2,1,112,Lost
18091,592,1,360.85,1,2,1,112,Lost
18092,1,18,14693.72,4,5,5,545,Champions
18093,92,8,4452.71,3,5,3,335,Regular
18094,81,13,6391.52,4,5,3,345,Regular
18095,312,5,2303.09,3,4,2,234,At Risk
18096,11,6,1638.16,3,4,5,534,Champions
18097,7,11,4627.92,4,5,5,545,Champions
18098,395,1,527.94,1,2,2,212,Lost
18099,126,1,168.31,1,1,3,311,Regular
18100,549,1,451.56,1,2,1,112,Lost
18101,10,5,622.01,3,3,5,533,Regular
18102,0,145,580987.04,4,5,5,545,Champions
18103,548,1,105.8,1,1,1,111,Lost
18104,36,1,754.64,1,3,4,413,New
18105,37,1,113.48000000000002,1,1,4,411,New
18106,329,6,1441.06,3,4,2,234,At Risk
18107,441,1,165.88,1,1,1,111,Lost
18108,253,3,848.8100000000001,2,3,2,223,Regular
18109,1,38,9555.71,4,5,5,545,Champions
18110,19,2,392.28000000000003,1,2,4,412,New
18111,588,1,405.85,1,2,1,112,Lost
18112,11,4,773.36,2,3,5,523,New
18113,368,1,76.32000000000001,1,1,2,211,Lost
18114,289,1,220.1,1,1,2,211,Lost
18115,697,1,9.700000000000001,1,1,1,111,Lost
18116,67,13,2130.89,4,4,3,344,Regular
18117,25,1,314.4,1,2,4,412,New
18118,10,29,6218.62,4,5,5,545,Champions
18119,367,1,180.7,1,1,2,211,Lost
18120,213,1,111.15,1,1,2,211,Lost
18121,148,2,653.3,1,3,3,313,Regular
18122,7,6,1791.84,3,4,5,534,Champions
18123,23,3,666.64,2,3,4,423,New
18124,471,1,102.65,1,1,1,111,Lost
18125,29,4,1131.75,2,3,4,423,New
18126,60,1,198.58,1,1,3,311,Regular
18127,18,4,556.13,2,2,5,522,New
18128,536,1,399.29,1,2,1,112,Lost
18129,242,1,112.55000000000001,1,1,2,211,Lost
18130,14,3,1059.39,2,3,5,523,New
18131,631,1,222.95999999999998,1,1,1,111,Lost
18132,503,1,220.13,1,1,1,111,Lost
18133,211,1,931.4999999999999,1,3,2,213,Regular
18134,597,2,445.0,1,2,1,112,Lost
18135,28,10,1249.6200000000001,4,4,4,444,Champions
18136,62,5,1631.3600000000001,3,4,3,334,Regular
18137,550,2,145.99,1,1,1,111,Lost
18138,294,1,152.65,1,1,2,211,Lost
18139,17,6,8438.34,3,5,5,535,Champions
18140,473,1,536.41,1,2,1,112,Lost
18141,401,2,882.47,1,3,2,213,Regular
18142,156,2,1019.52,1,3,3,313,Regular
18143,116,2,1000.16,1,3,3,313,Regular
18144,7,19,4892.95,4,5,5,545,Champions
18145,12,11,5609.74,4,5,5,545,Champions
18146,140,2,160.35000000000002,1,1,3,311,Regular
18147,45,2,179.33999999999997,1,1,4,411,New
18148,646,1,112.85000000000001,1,1,1,111,Lost
18149,50,7,1553.96,3,4,4,434,Champions
18150,31,3,566.58,2,2,4,422,New
18151,134,6,1879.44,3,4,3,334,Regular
18152,645,1,426.69,1,2,1,112,Lost
18153,658,1,246.22,1,1,1,111,Lost
18154,2,5,932.6,3,3,5,533,Regular
18155,74,3,371.62,2,2,3,322,Regular
18156,12,2,675.64,1,3,5,513,New
18157,570,1,213.9,1,1,1,111,Lost
18158,8,2,453.4,1,2,5,512,New
18159,300,1,530.15,1,2,2,212,Lost
18160,56,3,1003.88,2,3,4,423,New
18161,14,6,1803.1000000000001,3,4,5,534,Champions
18162,731,1,371.51,1,2,1,112,Lost
18163,583,1,728.84,1,3,1,113,Regular
18164,36,1,399.65000000000003,1,2,4,412,New
18165,176,1,302.46000000000004,1,2,3,312,Regular
18166,623,1,175.5,1,1,1,111,Lost
18167,22,3,1384.8600000000001,2,4,4,424,New
18168,175,16,3435.5,4,5,3,345,Regular
18169,60,1,202.65,1,1,3,311,Regular
18170,32,9,2878.0,4,4,4,444,Champions
18171,58,9,2437.31,4,4,4,444,Champions
18172,14,52,17467.24,4,5,5,545,Champions
18173,86,5,2696.36,3,4,3,334,Regular
18174,6,2,162.5,1,1,5,511,New
18175,675,1,176.1,1,1,1,111,Lost
18176,357,1,476.35,1,2,2,212,Lost
18177,30,9,2216.32,4,4,4,444,Champions
18178,128,11,6103.74,4,5,3,345,Regular
18179,8,8,2547.55,3,4,5,534,Champions
18180,4,6,1843.75,3,4,5,534,Champions
18181,23,5,1188.34,3,3,4,433,Regular
18182,462,1,291.13,1,2,1,112,Lost
18183,226,2,632.07,1,3,2,213,Regular
18184,14,1,49.8,1,1,5,511,New
18185,248,1,304.25,1,2,2,212,Lost
18186,722,1,329.58,1,2,1,112,Lost
18187,631,1,724.89,1,3,1,113,Regular
18188,14,6,3280.59,3,5,5,535,Champions
18189,77,3,1403.73,2,4,3,324,Regular
18190,191,5,745.62,3,3,2,233,At Risk
18191,261,2,529.4,1,2,2,212,Lost
18192,71,1,957.97,1,3,3,313,Regular
18193,164,3,1207.35,2,4,3,324,Regular
18194,81,6,4162.04,3,5,3,335,Regular
18195,386,1,101.16,1,1,2,211,Lost
18196,94,4,1455.27,2,4,3,324,Regular
18197,575,1,230.1,1,1,1,111,Lost
18198,3,17,5425.56,4,5,5,545,Champions
18199,683,1,344.75,1,2,1,112,Lost
18200,105,1,150.35,1,1,3,311,Regular
18201,722,1,447.53000000000003,1,2,1,112,Lost
18202,199,3,1396.99,2,4,2,224,Regular
18203,156,4,482.52,2,2,3,322,Regular
18204,70,3,1975.35,2,4,3,324,Regular
18205,35,2,517.36,1,2,4,412,New
18206,552,1,314.65999999999997,1,2,1,112,Lost
18207,498,1,544.47,1,2,1,112,Lost
18208,565,1,360.08,1,2,1,112,Lost
18209,28,1,139.10000000000002,1,1,4,411,New
18210,1,7,2768.83,3,4,5,534,Champions
18211,25,5,600.07,3,2,4,432,Regular
18212,325,2,514.37,1,2,2,212,Lost
18213,236,1,232.48000000000002,1,1,2,211,Lost
18214,530,4,1780.34,2,4,1,124,Regular
18215,88,5,2232.4900000000002,3,4,3,334,Regular
18216,30,1,481.75,1,2,4,412,New
18217,28,4,945.04,2,3,4,423,New
18218,210,4,1121.84,2,3,2,223,Regular
18219,2,17,3352.7000000000003,4,5,5,545,Champions
18220,226,6,1921.76,3,4,2,234,At Risk
18221,21,6,1424.94,3,4,4,434,Champions
18222,92,1,443.0,1,2,3,312,Regular
18223,4,26,14000.85,4,5,5,545,Champions
18224,263,1,158.95000000000002,1,1,2,211,Lost
18225,2,26,13014.8,4,5,5,545,Champions
18226,43,26,11878.88,4,5,4,445,Champions
18227,217,2,388.75,1,2,2,212,Lost
18228,56,2,779.9,1,3,4,413,New
18229,11,28,10150.51,4,5,5,545,Champions
18230,8,9,4291.06,4,5,5,545,Champions
18231,191,28,6848.27,4,5,2,245,At Risk
18232,81,4,592.97,2,2,3,322,Regular
18233,325,1,440.0,1,2,2,212,Lost
18234,551,1,179.6,1,1,1,111,Lost
18235,71,3,1796.48,2,4,3,324,Regular
18236,29,12,1795.3500000000001,4,4,4,444,Champions
18237,2,5,987.1,3,3,5,533,Regular
18238,514,1,270.92,1,1,1,111,Lost
18239,218,6,1712.26,3,4,2,234,At Risk
18240,45,1,422.58,1,2,4,412,New
18241,9,21,2986.9900000000002,4,5,5,545,Champions
18242,71,8,3605.21,3,5,3,335,Regular
18243,413,1,515.78,1,2,1,112,Lost
18244,430,2,568.64,1,2,1,112,Lost
18245,6,20,6324.9800000000005,4,5,5,545,Champions
18246,23,3,758.8199999999999,2,3,4,423,New
18247,414,3,839.73,2,3,1,123,Regular
18248,122,2,804.02,1,3,3,313,Regular
18249,16,1,95.34,1,1,5,511,New
18250,309,1,349.27,1,2,2,212,Lost
18251,86,9,26278.86,4,5,3,345,Regular
18252,50,7,1533.69,3,4,4,434,Champions
18253,642,1,317.88,1,2,1,112,Lost
18254,580,1,267.9,1,1,1,111,Lost
18255,88,2,303.15,1,2,3,312,Regular
18256,387,1,110.7,1,1,2,211,Lost
18257,38,12,4585.15,4,5,4,445,Champions
18258,463,6,2059.67,3,4,1,134,At Risk
18259,24,7,3941.9,3,5,4,435,Champions
18260,172,23,9947.26,4,5,3,345,Regular
18261,42,2,324.24,1,2,4,412,New
18262,139,3,577.54,2,2,3,322,Regular
18263,25,3,1213.1599999999999,2,4,4,424,New
18264,498,1,603.25,1,3,1,113,Regular
18265,71,2,801.51,1,3,3,313,Regular
18266,433,1,251.1,1,1,1,111,Lost
18267,672,1,269.37,1,1,1,111,Lost
18268,133,6,1490.23,3,4,3,334,Regular
18269,365,1,168.6,1,1,2,211,Lost
18270,37,3,444.55,2,2,4,422,New
18271,609,2,680.85,1,3,1,113,Regular
18272,2,9,4385.9800000000005,4,5,5,545,Champions
18273,1,4,357.0,2,2,5,522,New
18274,29,1,175.92,1,1,4,411,New
18275,577,2,741.85,1,3,1,113,Regular
18276,43,6,1656.52,3,4,4,434,Champions
18277,57,5,1180.05,3,3,4,433,Regular
18278,73,2,414.20000000000005,1,2,3,312,Regular
18279,518,1,231.33999999999997,1,1,1,111,Lost
18280,277,2,488.15000000000003,1,2,2,212,Lost
18281,180,2,201.14,1,1,3,311,Regular
18282,7,2,178.05,1,1,5,511,New
18283,3,22,2658.95,4,4,5,544,Champions
18284,431,1,411.68,1,2,1,112,Lost
18285,660,1,377.0,1,2,1,112,Lost
18286,476,2,1246.43,1,4,1,114,Regular
18287,42,7,4132.99,3,5,4,435,Champions
